관리구분,분양임대,행정구역,지번주소,도로명주소,Latitude,Longitude,단지명,주택종류,사용검사일,층수,동수,세대수,관리사무소전화번호,비고,우편번호,데이터기준일자
CategoryFilter,CategoryFilter,CSVFilter,StringFilter,MapsTooltip - Hidden - StringFilter,MapsLat - Hidden - NoFilter,MapsLong - Hidden - NoFilter,StringFilter,CategoryFilter,StringFilter,StringFilter,CSVFilter,StringFilter,StringFilter,CSVFilter,StringFilter,
의무,분양,문산읍,문산읍 문산리 31-1,경기도 파주시 문산읍 문산로26번길 35,37.8556441,126.7829155,문산주공,아파트,1980-01-23,5,7,300,031-952-3563,,10823,2022-11-09
임의,분양,문산읍,문산읍 선유리 426-10,경기도 파주시 문산읍 독서울5길 5,37.8665618,126.8062946,동산연립,연립,1983-12-30,3,2,28,,,10811,2022-11-09
임의,분양,광탄면,"광탄면 신산리 180-2,3",경기도 파주시 광탄면 왕수물길 50,37.7787982,126.8476914,광탄연립,연립,1984-07-14,3,2,42,,,10948,2022-11-09
임의,분양,금촌1동,금촌동 773-6,"경기도 파주시 금정6길 11(금촌동, 동산연립)",37.7579082,126.7766746,동산연립,연립,1984-09-11,3,2,21,,,10923,2022-11-09
임의,분양,금촌1동,금촌동 775-2,"경기도 파주시 금정4길 21-6(금촌동, 동산연립)",37.7574685,126.7772833,동산연립,연립,1984-09-11,3,3,32,,,10923,2022-11-09
임의,분양,금촌1동,금촌동 787-5,"경기도 파주시 금정로 9 (금촌동, 장안연립)",37.7560781,126.7760567,장안연립,연립,1984-11-19,3,1,27,,,10924,2022-11-09
임의,분양,금촌1동,금촌동 774-4,"경기도 파주시 금정4길 19-5(금촌동, 대진연립)",37.7572298,126.7767731,대진연립,연립,1984-12-26,3,3,36,,,10923,2022-11-09
임의,분양,금촌1동,아동동 354-6,"경기도 파주시 새꽃로 242-3(아동동, 우촌연립)",37.7666709,126.778992,우촌연립,연립,1985-01-09,3,1,30,,,10931,2022-11-09
임의,분양,조리읍,조리읍 봉일천리 139-17,경기도 파주시 조리읍 순비골길 10,37.7419695,126.8107333,"태양연립(가,나동)",연립,1985-01-15,3,2,48,,,10937,2022-11-09
임의,분양,운정1동,상지석동 977-7,"경기도 파주시 운정로 2(상지석동, 경안주택)",37.7261603,126.7683252,경안주택,연립,1985-02-18,3,6,96,,,10910,2022-11-09
임의,분양,금촌1동,금촌동 71-9,경기도 파주시 금정18길 20,37.7607331,126.7750562,장안아파트,아파트,1985-06-21,3,1,36,,,10929,2022-11-09
임의,분양,금촌1동,금촌동 788-9,"경기도 파주시 황골로 55-3(금촌동, 금화연립)",37.7557279,126.774863,금화연립,연립,1985-07-19,3,3,63,,,10924,2022-11-09
임의,분양,조리읍,조리읍 봉일천리 183-2,경기도 파주시 조리읍내산길 62-22,37.746563,126.8071922,세인연립,연립,1985-07-22,3,3,72,,,10938,2022-11-09
임의,분양,금촌1동,금촌동 950-1,"경기도 파주시 금정로 19(금촌동, 삼환연립)",37.7570042,126.7761277,삼한연립,연립,1985-09-26,3,2,24,,,10924,2022-11-09
임의,분양,금촌1동,금릉동 197-1외2,"경기도 파주시 독암길 55(금능동, 금능맨션)",37.75649,126.7826739,금능연립,연립,1985-10-19,3,4,78,,,10932,2022-11-09
임의,분양,조리읍,"조리읍 봉일천리 189-14,15",경기도 파주시 조리읍 송비말길 106,37.7447386,126.8060449,금성연립,연립,1986-01-14,5,2,33,,,10937,2022-11-09
임의,분양,금촌1동,"아동동 25,26","경기도 파주시 베리고개길 34 (아동동, 부일주택)",37.757361,126.7952756,부일연립,연립,1986-04-30,3,2,54,,,10944,2022-11-09
임의,분양,금촌1동,금촌동 334-201,"경기도 파주시 새꽃로 156-2(금촌동, 미건연립주택)",37.7631201,126.7703228,미건연립,연립,1986-05-10,3,2,27,,,10928,2022-11-09
임의,분양,조리읍,조리읍 봉일천리 69-17외1,경기도 파주시 조리읍 삼태기말길 22,37.7395782,126.8213083,공릉연립,연립,1986-07-09,3,3,54,,,10939,2022-11-09
임의,분양,문산읍,문산읍 당동리 산38-1,경기도 파주시 문산읍 봉미로 34,37.8631187,126.7851961,초원연립,연립,1986-07-24,3,3,36,,,10814,2022-11-09
임의,분양,금촌1동,금릉동 198-8,"경기도 파주시 독암길 35(금능동, 대창빌라)",37.75649,126.7826739,대창연립,연립,1986-08-08,3,1,21,,,10932,2022-11-09
임의,분양,파주읍,파주읍 파주리 404-1,경기도 파주시 파주읍 파발로 15-13,37.833377,126.818544,파주연립,연립,1986-12-03,3,2,36,,,10835,2022-11-09
임의,분양,파주읍,파주읍 연풍리 433-1,경기도 파주시 파주읍 연풍초교길 2,37.8300974,126.8333614,황해연립,연립,1986-12-04,3,2,45,,,10834,2022-11-09
임의,분양,금촌동,금촌동 20-26,경기도 파주시 온정길 5,37.7677744,126.7755813,에덴주택,연립,1986-12-23,3,1,12,,,10854,2022-11-09
임의,분양,파주읍,파주읍 연풍리 420-1,경기도 파주시 파주읍 연풍리 420-7,37.8311675,126.8337978,동산연립,연립,1986-12-29,3,3,36,,,10834,2022-11-09
임의,분양,조리읍,조리읍 봉일천리 138-1,경기도 파주시 조리읍 순비골길 10,37.7419695,126.8107333,"태양연립(다,라동)",연립,1987-01-10,3,2,36,,,10937,2022-11-09
임의,분양,금촌1동,아동동 321,경기도 파주시 원앙길 32,37.7651058,126.7760294,장안연립(3차),연립,1987-01-27,3,1,38,,,10930,2022-11-09
임의,분양,문산읍,문산읍 당동리 76,경기도 파주시 문산읍 봉미로32번길 15,37.8634188,126.7856378,강심연립,연립,1987-06-04,2,5,81,,,10814,2022-11-09
임의,분양,문산읍,문산읍 당동리 91-7,경기도 파주시 문산읍 봉미로 44,37.8636269,126.7846752,산호,아파트,1987-09-24,5,2,80,031-953-2816,,10815,2022-11-09
임의,분양,광탄면,광탄면 신산리 205-2,경기도 파주시 광탄면 만장산로 59,37.7809708,126.8532712,신산연립,연립,1987-10-26,3,2,45,,,10948,2022-11-09
임의,분양,적성면,적성면 마지리 168-1,경기도 파주시 적성면 솥뒤로33번길 34,37.9558766,126.9149164,청학연립,연립,1988-07-14,3,2,33,,,10803,2022-11-09
임의,분양,월롱면,월롱면 영태리 581-2,경기도 파주시 월롱면 한태말길 26,37.7778988,126.7904108,영태연립,연립,1988-10-07,3,2,33,,,10945,2022-11-09
임의,분양,조리읍,조리읍 봉일천리 157-1,경기도 파주시 조리읍 공릉장터길27,37.7430091,126.8058174,"무궁화(가,나동)",아파트,1988-10-15,5,2,80,031-943-2158,,10937,2022-11-09
임의,분양,금촌1동,금촌동 769-5,경기도 파주시 시민회관길13-11,37.7591112,126.7786952,귀빈,아파트,1988-10-31,5,2,70,,,10932,2022-11-09
임의,분양,조리읍,조리읍 봉일천리 157-11,경기도 파주시 조리읍 송비말길 26,37.7426148,126.8054992,무궁화(다동),아파트,1988-12-10,5,1,50,031-943-2158,,10937,2022-11-09
임의,분양,운정1동,상지석동 977-6,"경기도 파주시 운정로 11(상지석동, 서부주택)",37.7263845,126.7695182,서부주택,연립,1988-12-30,3,4,66,,,10910,2022-11-09
임의,분양,법원읍,법원읍 법원리 448-26,경기도 파주시 법원읍 사임당로905번길 56,37.8490923,126.8794131,궁전연립,연립,1989-02-18,3,1,36,,,10826,2022-11-09
임의,분양,법원읍,법원읍 법원리 425-1,경기도 파주시 법원읍 사임당로902번길 13,37.8471075,126.8813224,현대연립,연립,1989-05-18,3,2,48,,,10826,2022-11-09
임의,분양,금촌1동,금릉동 197-5,경기도 파주시 독암길 57(럭키빌라),37.7574332,126.7830976,럭키빌라,연립,1989-08-03,3,1,12,,,10932,2022-11-09
임의,분양,금촌3동,아동동 293-5,경기도 파주시 정담길 65-16,37.7700351,126.7757643,무궁화(다동),아파트,1989-10-24,5,1,30,031-944-9855,,10852,2022-11-09
임의,분양,금촌3동,아동동 294-4,경기도 파주시 정담길 65-19,37.7695831,126.7764879,"무궁화(가,나동)",아파트,1989-10-24,5,2,90,031-944-9855,,10853,2022-11-09
임의,분양,조리읍,조리읍 봉일천리 158-2,경기도 파주시 조리읍 공릉장터길 41,37.7434572,126.8047822,프린스,아파트,1989-10-25,5,2,80,,,10937,2022-11-09
임의,분양,조리읍,조리읍 봉일천리 157-40,경기도 파주시 조리읍 공릉장터길 39,37.743183,126.8051962,태양,아파트,1989-11-07,5,1,39,,,10937,2022-11-09
임의,분양,금촌3동,아동동 293-1,경기도 파주시 정담길 65-17,37.7702263,126.7761357,"무궁화(라,마동)",아파트,1989-12-07,5,2,67,031-944-9855,,10853,2022-11-09
의무,분양,금촌1동,아동동 329-6,경기도 파주시 중앙로 280,37.7610573,126.7773014,장안초원1차,아파트,1990-09-07,12,1,181,031-944-5653,,10930,2022-11-09
임의,분양,금촌1동,금촌동 768-1,경기도 파주시 마무리길 23,37.760753,126.7775821,홍우,아파트,1990-10-02,4,1,71,,,10930,2022-11-09
임의,분양,금촌3동,아동동 291-10/275-22,경기도 파주시 시청로 201,37.7707184,126.7762376,"무궁화(1,2동)",아파트,1990-10-27,5,2,110,031-944-8325,,10853,2022-11-09
임의,분양,조리읍,조리읍 봉일천리 157-18,경기도 파주시 송비말길 64,37.742863,126.8046511,봉일천동원,아파트,1990-11-01,5,2,90,,,10937,2022-11-09
의무,분양,금촌1동,금촌동 781-2,경기도 파주시 중앙로 226,37.7574281,126.7805182,동현,아파트,1990-12-04,15,5,406,031-944-9694,,10932,2022-11-09
임의,분양,문산읍,문산읍 당동리 92-4,경기도 파주시 문산읍 봉미로 45,37.8634548,126.7840632,세아,아파트,1991-06-08,14,1,116,031-954-5843,,10821,2022-11-09
의무,분양,금촌1동,아동동 328-49,경기도 파주시 마무리길 40,37.7619138,126.7776175,장안초원2차,아파트,1991-09-11,8,2,176,031-944-6793,,10930,2022-11-09
임의,분양,조리읍,"조리읍 봉일천리 237-1,2",경기도 파주시 조리읍 두루봉로 13,37.7454982,126.809431,미림,아파트,1991-10-22,5,4,188,031-944-9303,,10938,2022-11-09
임의,분양,법원읍,법원읍 가야리 54-8,경기도 파주시 법원읍 사임당로 781,37.8504111,126.8673384,가야동원,아파트,1991-10-30,5,2,110,031-959-9844,,10826,2022-11-09
의무,분양,문산읍,문산읍 선유리 418,경기도 파주시 문산읍 독서울1길 24(문산선유주공),37.866606,126.803839,문산선유주공,아파트,1991-12-09,5,7,300,031-953-5352,1단지,10812,2022-11-09
의무,분양,문산읍,문산읍 문산리 17-29,경기도 파주시 문산읍 문향로 26,37.8539132,126.786571,한진1차,아파트,1992-05-30,15,2,240,031-953-1644,,10823,2022-11-09
임의,분양,법원읍,법원읍 가야리 29-2,경기도 파주시 법원읍 자운서원로 30,37.8524119,126.8704974,율곡1차,아파트,1993-04-24,10,1,63,031-958-6410,,10826,2022-11-09
임의,분양,조리읍,조리읍 봉일천리 262-23,경기도 파주시 조리읍 두루봉로 31,37.7467893,126.8105881,태형미림,아파트,1993-05-10,15,1,142,031-944-9732,,10938,2022-11-09
임의,분양,조리읍,조리읍 봉일천리 237-5,경기도 파주시 조리읍 두루봉로 25,37.7460591,126.8102843,윤창,아파트,1993-06-05,14,1,138,031-944-4507,,10938,2022-11-09
의무,분양,금촌3동,금촌동 11-7,"경기도 파주시 정담길 90(금촌동, 동문1차(101, 201동)아파트)",37.7708376,126.7741779,동문1차,아파트,1993-08-28,14~15,2,228,031-944-2920,,10852,2022-11-09
의무,분양,금촌1동,금촌동 51-49,"경기도 파주시 아동로 20(금촌동, 장안미래아파트)",37.7644502,126.7768437,장안아파트3차,아파트,1993-09-22,15,3,208,031-945-1995,,10930,2022-11-09
임의,분양,문산읍,문산읍 선유리 903-10,경기도 파주시 문산읍 봉미로6번길 15,37.861998,126.7873919,한진2차,아파트,1993-11-11,12,1,148,031-953-2393,,10814,2022-11-09
임의,분양,금촌1동,금촌동 794-2,경기도 파주시 금릉이길 23,37.7563403,126.7815268,장인연립,연립,1994-05-16,4,1,20,,,10932,2022-11-09
의무,분양,금촌2동,"금촌동 230-1,232-5","경기도 파주시 황골로 26 (금촌동, 대영장미1차(101동,102동)아파트)",37.7551055,126.771512,대영장미1차,아파트,1994-11-29,15,2,244,031-945-7583,,10921,2022-11-09
의무,분양,금촌2동,"금촌동 234-17, 234-8","경기도 파주시 한마음2길 5, 13(금촌동, 두보1차(101동,102동)아파트)",37.7557906,126.7726616,두보1차,아파트,1994-11-30,10~15,2,198,031-945-7473,,10925,2022-11-09
의무,분양,법원읍,법원읍 가야리 30-2,경기도 파주시 법원읍 자운서원로 36-29,37.8526652,126.8712594,안산율곡2차,아파트,1994-11-30,15,2,180,031-958-9350,,10826,2022-11-09
의무,분양,문산읍,"문산읍 문산리 10-92,10-93",경기도 파주시 문산읍 문산로26번길 14,37.8566645,126.7817475,호수,아파트,1995-06-26,15,2,336,031-953-8536,,10823,2022-11-09
임의,분양,광탄면,"광탄면 신산리 178-1,2",경기도 파주시 왕수물길 66,37.778279,126.8476745,대호연립,연립,1995-09-14,3,1,24,,,10948,2022-11-09
임의,분양,금촌3동,금촌동 16,경기도 파주시 정담길 80,37.7707908,126.7752263,"동문2차(301,501동)",아파트,1995-11-29,10~13,2,128,031-944-8979,,10852,2022-11-09
의무,분양,문산읍,문산읍 당동리 170-2,경기도 파주시 문산읍 당동1로 46,37.8636882,126.774512,세성,아파트,1995-12-07,13,3,204,031-953-5341,,10819,2022-11-09
임의,분양,금촌2동,"금촌동 234-20,-21",경기도 파주시 황골로 32,37.7551369,126.7723626,두보2차(103동),아파트,1996-03-18,15,1,98,031-945-7473,,10921,2022-11-09
임의,분양,금촌1동,금촌동 951-5,경기도 파주시 금정5길 20,37.7568564,126.7750804,장안하나,아파트,1996-06-13,15,1,108,031-945-2470,,10924,2022-11-09
의무,분양,금촌2동,금촌동 230-2,경기도 파주시 황골로 12,37.7551996,126.7704233,대영장미2차,아파트,1996-08-22,19,1,192,031-943-4963,,10921,2022-11-09
임의,분양,금촌3동,금촌동 399-1,경기도 파주시 금신초교길 45,37.7684636,126.7703024,삼산,아파트,1996-09-12,11,1,57,031-941-0306,,10854,2022-11-09
의무,분양,조리읍,조리읍 봉일천리 262,경기도 파주시 조리읍 두루봉로 37,37.7472651,126.8114065,태형내산마을,아파트,1996-11-29,18,2,227,031-943-5466,,10938,2022-11-09
임의,분양,조리읍,조리읍 봉일천리 147-1,경기도 파주시 조리읍 고봉로 1016,37.7422678,126.8078875,조리동문1차,아파트,1996-11-29,20,1,118,031-943-7647,,10937,2022-11-09
임의,분양,문산읍,문산읍 문산리 33-8,경기도 파주시 문산읍 문향로17번길 39,37.8537262,126.7841662,문산율곡,아파트,1996-12-07,11,2,138,031-952-1567,,10823,2022-11-09
의무,분양,금촌2동,금촌동 922,경기도 파주시 한마음1길 25,37.7566381,126.7696993,파주금촌주공아파트1단지,아파트,1997-04-30,15,8,769,031-944-0889,,10926,2022-11-09
의무,분양,조리읍,조리읍 봉일천리 156-1,경기도 파주시 조리읍 송비말길 22,37.7424496,126.806531,성원,아파트,1997-05-10,20,2,347,031-941-6365,,10937,2022-11-09
의무,분양,금촌2동,금촌동 233-6,"경기도 파주시 황골로 22(금촌동, 대영장미3차아파트)",37.7545633,126.7711784,대영장미,아파트,1997-05-22,19,2,298,031-941-7680,,10921,2022-11-09
임의,분양,문산읍,문산읍 당동리 170-3,경기도 파주시 문산읍 당동1로 50-26,37.8640828,126.7751987,효형,아파트,1997-08-28,13,2,99,031-953-9235,,10819,2022-11-09
의무,분양,금촌1동,아동동 339,경기도 파주시 마무리길 22,37.7609154,126.7784738,장안5차미우,아파트,1997-09-25,15,3,206,031-945-6587,,10930,2022-11-09
의무,분양,금촌2동,금촌동 234-22,"경기도 파주시 황골로 40(금촌동, 두보3차(105동)아파트)",37.7554802,126.7729565,두보3차,아파트,1997-10-14,18,1,252,031-944-1935,,10921,2022-11-09
의무,분양,조리읍,조리읍 봉일천리 125-22,경기도 파주시 조리읍 통일로 306 (성호1차),37.7433597,126.8113578,성호1차,아파트,1997-11-07,24,2,282,031-943-6040,,10938,2022-11-09
임의,분양,파주읍,파주읍 파주리 126-1,경기도 파주시 파주읍 파발로26번길 12-5,37.8318542,126.819794,기용,아파트,1998-02-17,14,1,66,031-954-8022,,10835,2022-11-09
의무,분양,금촌3동,아동동 275-9,경기도 파주시 정담길 20,37.7686782,126.777673,파라다이스,아파트,1998-05-11,8~20,2,316,031-944-5796,,10853,2022-11-09
임의,분양,조리읍,조리읍 봉일천리 150-26,경기도 파주시 조리읍 고봉로 1016,37.7422678,126.8078875,조리동문2차,아파트,1998-06-12,18,1,49,031-941-9323,,10937,2022-11-09
의무,분양,조리읍,조리읍 봉일천리 13-15,경기도 파주시 조리읍 통일로 153,37.7358001,126.8252595,송촌토파즈,아파트,1998-08-29,17~24,5,552,031-946-1173,,10939,2022-11-09
의무,분양,금촌2동,금촌동 228-1,"경기도 파주시 황골로 18 (금촌동, 건일장미5차아파트)",37.7545359,126.770179,건일장미5차,아파트,1998-12-07,19,1,226,031-946-4577,,10921,2022-11-09
임의,분양,탄현면,탄현면 법흥리 1566,경기도 파주시 탄현면 여치길 77,37.7708204,126.7023213,효자그린빌,연립,1998-12-15,3,15,282,031-944-5524,,10861,2022-11-09
의무,분양,금촌3동,금촌동 424-9,경기도 파주시 정담길 123,37.7701807,126.7731309,경신,아파트,1999-01-21,8~19,4,408,031-943-8022,,10852,2022-11-09
임의,분양,금촌3동,"금촌동 17-15.15-6,24-24",경기도 파주시 정담길 85-9,37.7703742,126.7754499,"동문3차(601, 701, 801동)",아파트,1999-09-07,9~13,3,123,031-945-7530,,10852,2022-11-09
의무,분양,금촌1동,금릉동 199-6,경기도 파주시 독암길 14,37.7550321,126.7836328,장안흰돌마을,아파트,2000-01-21,19~20,7,498,031-946-2857,,10932,2022-11-09
임의,분양,금촌1동,금촌동 792-1,경기도 파주시 문화로 10,37.7561536,126.7795076,장안밀레니엄,아파트,2000-02-01,20,1,139,031-943-5557,,10923,2022-11-09
의무,분양,금촌3동,검산동 130-8,"경기도 파주시 평화로 310(검산동, 성원아파트)",37.7721237,126.7484431,성원포레스타운,아파트,2000-04-29,15,14,656,031-944-5105,,10849,2022-11-09
의무,분양,조리읍,조리읍 대원리 992-1,경기도 파주시 조리읍 능안로 37,37.7418695,126.8003374,한라,아파트,2000-06-15,10~20,21,1202,031-946-3692,,10936,2022-11-09
의무,분양,조리읍,조리읍 대원리 218,경기도 파주시 조리읍 대원로 45,37.7267018,126.8160788,그린시티동문,아파트,2000-09-30,12~15,33,1759,031-946-2303,,10943,2022-11-09
의무,분양,금촌2동,금촌동 228-4외7,"경기도 파주시 황골로 6 (금촌동, 대영장미6차) ",37.7544816,126.7690473,장미6차,아파트,2000-10-27,19,1,259,031-948-2668,,10921,2022-11-09
의무,분양,법원읍,법원읍 법원리 674-2,경기도 파주시 법원읍 자운서원로 36-39,37.8521036,126.871985,율곡3차,아파트,2000-11-27,15,2,180,031-958-1590,,10826,2022-11-09
의무,분양,운정2동,목동동 2-117,"경기도 파주시 와석순환로 347 (와동동, 월드메르디앙1차아파트)",37.7133199,126.7523421,교하2차월드메르디앙,아파트,2001-04-13,11~17,18,1507,031-946-7195,,10893,2022-11-09
의무,분양,금촌3동,검산동 310,경기도 파주시 평화로348번길 50,37.7746807,126.7450287,유승,아파트,2001-05-02,14,10,550,031-946-8023,,10848,2022-11-09
의무,분양,조리읍,조리읍 봉일천리 258-3,경기도 파주시 조리읍 두루봉로 33-37,37.747985,126.810864,성호파크힐,아파트,2001-05-14,10~22,8,367,031-948-7155,,10938,2022-11-09
의무,분양,운정2동,목동동 2-110,"경기도 파주시 미래로 535(와동동, 현대1차아파트)",37.7249202,126.750005,교하1차 해솔마을3단지,아파트,2001-06-09,18~20,16,1274,031-948-6911,,10893,2022-11-09
의무,분양,운정3동,동패동 200-1외1필지,"경기도 파주시 동패로 117(동패동, 교하벽산아파트)",37.7129215,126.7402332,한울마을2단지,아파트,2001-06-30,11~15,19,1260,031-948-7031,,10902,2022-11-09
의무,분양,금촌3동,야동동 587,경기도 파주시 평화로 280,37.7739462,126.7508607,대방1차,아파트,2001-08-02,15,15,1080,031-947-9223,,10849,2022-11-09
의무,분양,운정1동,와동동 240,"경기도 파주시 금바위로 100(와동동, 운정1차동문아파트)",37.728733,126.755931,가람마을3단지 동문아파트,아파트,2001-09-15,15,17,902,031-947-6160,,10895,2022-11-09
의무,분양,운정1동,와동동 205,"경기도 파주시 금바위로 47(와동동, 가람마을8단지 동문굿모닝힐 운정2차)",37.7282646,126.7560196,가람마을8단지 동문굿모닝힐,아파트,2001-09-22,18~20,11,1225,031-947-3762,,10894,2022-11-09
의무,분양,금촌3동,아동동 283 외14필지,경기도 파주시 송화로 13,37.773034,126.775372,팜스프링,아파트,2001-09-27,14~25,31,2944,031-948-8668,,10851,2022-11-09
의무,분양,운정2동,목동동 114-37외 5필지,경기도 파주시 청암로 28,37.730854,126.7376841,산내마을8단지(월드2차),아파트,2001-11-29,10~15,19,1028,031-946-8773,월드메르디앙2차,10871,2022-11-09
의무,분양,문산읍,문산읍 당동리 871,경기도 파주시 문산읍 방촌로 1662 (당동주공2차),37.8619799,126.7812737,당동주공2차,아파트,2002-06-27,15,5,415,031-952-0235,,10820,2022-11-09
의무,임대,문산읍,문산읍 당동리 874,경기도 파주시 문산읍 방촌로 1660 (당동주공1차),37.861273,126.780592,당동주공1차,아파트,2002-06-27,15,5,567,031-952-7447,공공임대/50년,10820,2022-11-09
임의,분양,금촌2동,금촌동 255-5,"경기도 파주시 한마음2길 33(금촌동, 장미아파트)",37.755268,126.770997,장미7차,아파트,2002-07-26,11,1,62,031-941-0465,,10925,2022-11-09
의무,분양,운정2동,목동동 101,"경기도 파주시 와석순환로 307(목동동, 현대2차아이파크)",37.7256074,126.7397563,산내마을11단지 현대아이파크,아파트,2002-10-31,18,10,596,031-949-5867,,10892,2022-11-09
의무,분양,문산읍,문산읍 문산리 97,경기도 파주시 문산읍 독산로 11,37.8583522,126.7799334,장안8차,아파트,2003-04-23,18,5,368,031-954-0360,,10822,2022-11-09
의무,분양,운정3동,야당동 975,"경기도 파주시 한빛로 11(야당동, 한빛마을3단지 자유로아이파크)",37.712363,126.750848,한빛마을3단지 자유로아이파크,아파트,2004-09-02,15,16,1096,031-946-1441,,10907,2022-11-09
의무,분양,금촌2동,금촌동 972,"경기도 파주시 번영로 55(금촌동, 주공1단지 새꽃마을)",37.7550362,126.7703214,새꽃마을금촌주공뜨란채1단지,아파트,2004-10-22,15~20,20,1818,031-949-9377,,10914,2022-11-09
의무,임대,금촌2동,금촌동 984,"경기도 파주시 새꽃로 35(금촌동, 주공3단지 새꽃마을)",37.7550362,126.7703214,새꽃마을금촌주공뜨란채3단지,아파트,2004-10-25,15~19,10,1167,031-957-5123,국민임대/영구,10915,2022-11-09
의무,분양,금촌2동,금촌동 1003,"경기도 파주시 쇠재로 133(금촌동, 주공5단지 쇠재마을)",37.7531346,126.7756713,쇠재마을뜨란채,아파트,2004-11-11,15~23,16,1402,031-942-0613,,10919,2022-11-09
의무,분양,금촌2동,금촌동 1022,"경기도 파주시 새꽃로 10(금촌동, 주공6단지 후곡마을뜨란채)",37.7532305,126.7710123,후곡마을뜨란채,아파트,2004-11-11,14~20,9,688,031-941-6627,공공임대/5년분양전환완료,10917,2022-11-09
의무,분양,금촌2동,금촌동 992,"경기도 파주시 후곡로 50(금촌동, 주공4단지후곡마을)",37.7532305,126.7710123,후곡마을뜨란채,아파트,2004-11-15,15~22,21,1638,031-941-4157,,10920,2022-11-09
의무,분양,금촌2동,금촌동 1019,"경기도 파주시 쇠재로 30(금촌동, 주공7단지 서원마을)",37.7487512,126.7718913,서원마을뜨란채,아파트,2005-05-03,14~22,12,1133,031-957-8347,,10916,2022-11-09
임의,분양,교하동,문발동 505-2,"경기도 파주시 회동길 301(문발동, 헤르만하우스 1단지)",37.7156225,126.6903546,헤르만하우스,연립,2005-10-17,2,5,51,031-955-8688,,10881,2022-11-09
임의,분양,교하동,문발동 506-2,"경기도 파주시 회동길 290(문발동, 헤르만하우스 2단지)",37.7146227,126.6906323,헤르만하우스,연립,2005-10-17,2,9,86,031-955-8688,,10881,2022-11-09
의무,분양,금촌2동,금촌동 997(금촌택지C1BL),"경기도 파주시 후곡로 80(금촌동, 후곡마을중앙하이츠)",37.7512029,126.769818,후곡마을중앙하이츠,아파트,2005-11-18,20,4,316,031-943-6588,,10917,2022-11-09
의무,분양,금촌2동,금촌동 1008(금촌택지 C2),"경기도 파주시 후곡로 77 (금촌동, 풍림아이원)",37.7507586,126.7748175,금촌풍림아이원,아파트,2005-11-22,18~22,9,563,031-939-0101,,10918,2022-11-09
의무,임대,교하동,문발동 547,"경기도 파주시 숲속노을로 297(문발동, 노을빛마을주공아파트)",37.7260105,126.7084914,노을빛마을주공2단지,아파트,2005-11-30,8,24,1119,031-947-2082,국민임대,10879,2022-11-09
의무,분양,교하동,다율동 982,"경기도 파주시 청석로 350(다율동, 청석마을동문굿모닝힐아파트8단지)",37.726863,126.719717,청석마을8단지동문굿모닝힐아파트,아파트,2005-12-15,15,18,1026,031-949-8536,,10876,2022-11-09
의무,분양,교하동,동패동 1698,"경기도 파주시 책향기로 441(동패동, 책향기마을10단지동문굿모닝힐)",37.7245672,126.719602,책향기마을10단지 동문굿모닝힐,아파트,2005-12-15,15,16,1009,031-941-2812,책향기마을 10단지,10874,2022-11-09
의무,분양,교하동,문발동 560,"경기도 파주시 책향기로 337(문발동, 숲속길마을동문굿모닝힐아파트)",37.726863,126.719717,숲속길마을동문굿모닝힐,아파트,2005-12-19,15,8,382,031-942-3093,숲속길마을 3단지,10884,2022-11-09
의무,분양,교하동,동패동 1687,"경기도 파주시 책향기로 371(동패동, 숲속길마을동문굿모닝힐)",37.72434,126.7111592,숲속길마을6단지 동문굿모닝힐,아파트,2005-12-19,15,11,586,031-939-3946,,10885,2022-11-09
의무,분양,교하동,동패동 1702,"경기도 파주시 책향기로 448(동패동, 책향기마을진흥효자아파트)",37.723733,126.721601,책향기마을12단지 진흥효자,아파트,2005-12-22,15,8,439,031-949-5101,,10874,2022-11-09
의무,분양,교하동,동패동 1703,"경기도 파주시 책향기로 420(동패동, 책향기마을신동아파밀리에)",37.7235943,126.7186849,책향기마을11단지 신동아파밀리에,아파트,2005-12-28,15,7,366,031-941-9022,,10874,2022-11-09
의무,분양,광탄면,광탄면 신산리 683,경기도 파주시 광탄면 큰여울길 20-21,37.7797387,126.8497042,동신라메르,아파트,2005-12-30,13,2,164,031-949-4066,,10948,2022-11-09
의무,분양,교하동,동패동 1690,"경기도 파주시 책향기로 403(동패동, 숲속길마을월드메르디앙센트럴파크아파트)",37.72434,126.7111592,숲속길마을7단지 월드메르디앙센트럴파크,아파트,2006-01-12,15,7,480,031-943-5361,,10885,2022-11-09
의무,분양,교하동,동패동 1711,"경기도 파주시 책향기로 209 (동패동, 책향기마을우남퍼스트빌)",37.7202789,126.7191313,책향기마을14단지 우남퍼스트빌,아파트,2006-04-10,14,12,600,031-948-0612,,10874,2022-11-09
의무,분양,교하동,다율동 986,"경기도 파주시 청석로 300(다율동, 청석마을9단지대원효성아파트)",37.7284966,126.7192877,청석마을9단지 대원효성,아파트,2006-04-18,15,24,1240,031-957-9172,,10875,2022-11-09
의무,분양,금촌1동,"금릉동 196-2,3","경기도 파주시 금릉이길 31(금능동, 동양부로미아파트)",37.7570913,126.7819278,동양부로미,아파트,2006-04-20,18,2,182,031-943-5835,,10932,2022-11-09
의무,임대,교하동,문발동 546,"경기도 파주시 숲속노을로 298(문발동, 노을빛마을주공아파트)",37.7260105,126.7084914,노을빛마을주공1단지,아파트,2006-05-24,8,9,469,031-947-2390,국민임대,10879,2022-11-09
의무,분양,문산읍,문산읍 문산리 142,경기도 파주시 문산읍 방촌로 1648,37.8601961,126.7792007,문산신원아침도시,아파트,2006-06-09,15,10,638,031-953-4275,,10820,2022-11-09
의무,분양,문산읍,문산읍 문산리 145,경기도 파주시 문산읍 문향로 11 (문산휴먼빌),37.8528063,126.7854801,일신건영휴먼빌,아파트,2006-06-29,13~20,10,610,031-939-0004,,10823,2022-11-09
의무,분양,금촌3동,금촌동 1014,"경기도 파주시 금신초교길 72(금촌동, 한일유앤아이1차아파트)",37.769511,126.7713838,한일유앤아이,아파트,2006-08-23,15,2,180,031-957-8067,,10852,2022-11-09
의무,분양,문산읍,문산읍 선유리 1350,경기도 파주시 문산읍 우계로 470 (문산두산위브),37.8592683,126.792155,문산두산위브,아파트,2006-08-30,15,10,504,031-954-1310,,10813,2022-11-09
의무,분양,금촌3동,금촌동 1015,"경기도 파주시 마음밭길 114금촌동, 대방노블랜드아파트)",37.7738572,126.7509683,대방노블랜드,아파트,2006-10-25,17,8,488,031-942-2816,,10852,2022-11-09
의무,분양,교하동,동패동 1708,"경기도 파주시 책향기로 183(동패동, 책향기마을상록데시앙아파트)",37.7207355,126.7217828,책향기마을15단지 상록데시앙,아파트,2007-03-27,14~15,8,644,031-8071-1050,,10874,2022-11-09
의무,임대,교하동,동패동 1704,"경기도 파주시 책향기로 210(동패동, 책향기마을경남아파트13단지)",37.7224278,126.7186849,책향기마을13단지 상록경남아너스빌,아파트,2007-04-20,12~15,9,734,031-8071-1704,공무원임대/영구,10874,2022-11-09
임의,분양,금촌3동,금촌동 1014-1,"경기도 파주시 금신초교길 56(금촌동, 한일유앤아이아파트)",37.7688962,126.7710058,한일유앤아이2차,아파트,2007-09-17,14~15,3,148,031-957-8067,,10852,2022-11-09
의무,분양,문산읍,문산읍 선유리 1353,경기도 파주시 문산읍 사임당로 11 (양우1단지),37.8593031,126.795532,양우 내안애,아파트,2007-11-27,15,2,150,031-953-0226,,10813,2022-11-09
임의,분양,문산읍,문산읍 선유리 1356,경기도 파주시 문산읍 사임당로 11,37.8596367,126.7958377,양우2단지,아파트,2007-11-27,14,3,132,031-953-0226,,10813,2022-11-09
의무,분양,문산읍,문산읍 선유리 1357,경기도 파주시 문산읍 우계로457번길 29,37.8579846,126.7908566,진흥소슬마을,아파트,2007-12-05,15,5,231,031-953-0024,,10813,2022-11-09
임의,분양,문산읍,문산읍 선유리 1352,경기도 파주시 문산읍 사임당로 11,37.8596367,126.7958377,양우3단지,아파트,2007-12-06,15,2,83,031-953-0226,,10813,2022-11-09
임의,분양,교하동,문발동 559,"경기도 파주시 책향기로 319(문발동, 월드메르디앙타운하우스)",37.7230386,126.7069361,파주교하 월드메르디앙 타운하우스,연립,2008-06-03,4,9,143,031-942-2202,,10884,2022-11-09
의무,분양,금촌1동,아동동 897,"경기도 파주시 시청로 123(아동동, 신안실크밸리1차)",37.7652292,126.7802888,신안실크밸리1차,아파트,2009-06-19,9~15,13,539,031-948-1344,,10931,2022-11-09
의무,분양,운정3동,야당동 982번지(교하신도시 A15-1블록),"경기도 파주시 한빛로 67(야당동, 한빛마을2단지휴먼빌레이크팰리스)",37.714363,126.7523424,한빛마을2단지 휴먼빌 레이크팰리스,아파트,2009-06-23,15~27,14,1123,031-941-8209,야당리,10907,2022-11-09
의무,분양,운정3동,야당동 981(교하신도시 A15블록),"경기도 파주시 미래로 422(야당동, 한빛마을1단지한라비발디센트럴파크",37.714791,126.74668,한빛마을1단지 한라비발디 센트럴파크,아파트,2009-08-31,24~29,12,937,031-947-6751,,10907,2022-11-09
의무,임대,운정1동,와동동 1311(와동리 교하신도시 A3블록),"경기도 파주시 미래로 602(와동동, 휴먼시아 가람마을 2단지)",37.7341215,126.7608749,가람마을2단지 휴먼시아,아파트,2009-09-04,10~23,13,1231,031-944-1138,국민임대,10895,2022-11-09
의무,분양,문산읍,문산읍 당동리 935,경기도 파주시 문산읍 방촌로 1744,37.8673135,126.7862286,파주힐스테이트1차,아파트,2009-10-29,10~18,13,631,031-952-7853,,10815,2022-11-09
의무,임대,운정3동,동패동 1753(동패리 교하신도시 A17-1블록),"경기도 파주시 한울로 101(동패동, 휴먼시아 한울마을4단지)",37.7112907,126.7431829,한울마을4단지 휴먼시아,아파트,2009-11-06,10~23,13,1167,031-947-8130,국민임대,10905,2022-11-09
의무,분양,파주읍,파주읍 연풍리 483,경기도 파주시 파주읍 술이홀로 409-6,37.8306112,126.8325695,동광모닝스카이,아파트,2009-11-30,14~15,5,227,031-952-2205,,10834,2022-11-09
의무,임대,운정2동,목동동 640(야당리 교하신도시 A1블록),"경기도 파주시 미래로 601(와동동, 휴먼시아 해솔마을11단지)",37.7239435,126.7460759,해솔마을11단지 휴먼시아,아파트,2009-12-09,10~23,12,1165,031-942-0842,국민임대,10871,2022-11-09
의무,임대,문산읍,문산읍 선유리 1358,경기도 파주시 문산읍 사임당로 65 (선유2단지),37.8645603,126.8006615,문산선유2단지 휴먼시아,아파트,2010-04-01,12~15,13,917,031-953-8351,국민임대,10812,2022-11-09
의무,분양,운정2동,목동동 647(교하신도시 A7블록),"경기도 파주시 해솔로 85 (목동동, 해솔마을1단지 두산위브) ",37.7242284,126.7347085,해솔마을1단지 두산위브,아파트,2010-04-09,9~25,9,668,031-957-3981,,10893,2022-11-09
의무,분양,조리읍,조리읍 봉일천리 269,경기도 파주시 조리읍 내산길 55,37.7476646,126.8089401,조리푸르지오,아파트,2010-04-29,14~17,8,450,031-957-7931,,10938,2022-11-09
의무,분양,운정3동,동패동 1772(교하신도시 A18-2블록),"경기도 파주시 미래로 345(동패동, 한울마을7단지 삼부르네상스 아파트)",37.7086799,126.7449605,한울마을7단지 삼부르네상스,아파트,2010-06-15,15~30,11,724,031-942-7851,한울마을 7단지(동패리),10905,2022-11-09
의무,분양,운정2동,목동동 679(교하신도시 A12블록),"경기도 파주시 가온로 67(목동동, 해솔마을5단지 삼부르네상스아파트)",37.7230509,126.7445255,해솔마을5단지 삼부르네상스,아파트,2010-06-15,15~30,15,1390,031-957-3421,,10899,2022-11-09
의무,분양,운정1동,와동동 1368(교하신도시 A11블록),"경기도 파주시 가온로 256(와동동, 가람마을11단지 동문굿모닝힐아파트)",37.723801,126.754298,가람마을11단지 동문굿모닝힐,아파트,2010-06-30,15~25,7,624,031-943-4416,,10894,2022-11-09
의무,분양,운정2동,목동동 667(교하신도시 A8블록),"경기도 파주시 해솔로 22(와동동, 해솔마을4단지 벽산우남연리지아파트)",37.7286499,126.7507596,해솔마을4단지 벽산우남연리지,아파트,2010-06-30,15~25,12,958,031-957-7795,해솔마을 4단지(와동리),10893,2022-11-09
의무,분양,운정1동,와동동 1356(교하신도시 A10블록),"경기도 파주시 가온로 245(와동동, 가람마을10단지 동양엔파트월드메르디앙)",37.7243644,126.7591986,가람마을10단지 동양엔파트월드메르디앙,아파트,2010-07-29,15~25,13,972,031-942-6801,"월드 949-4966~7, 동양 941-0408 가람마을 10단지",10894,2022-11-09
의무,분양,운정1동,와동동 1308(교하신도시 A2블록),"경기도 파주시 가람로 22(와동동, 가람마을1단지 벽산한라아파트)",37.7338812,126.7534683,가람마을1단지 벽산한라,아파트,2010-08-23,15~25,14,1145,031-944-7961,,10895,2022-11-09
의무,분양,운정1동,와동동 1344(교하신도시 A9블록),"경기도 파주시 미래로 562(와동동, 가람마을9단지 남양휴튼)",37.728065,126.752003,가람마을9단지 남양휴튼,아파트,2010-08-27,12~25,9,690,031-949-8749,,10894,2022-11-09
의무,분양,문산읍,문산읍 당동리 940,경기도 파주시 문산읍 당동1로 67,37.8637492,126.7720676,파주힐스테이트2차,아파트,2010-09-07,10~15,10,454,031-953-0845,,10819,2022-11-09
의무,분양,금촌1동,아동동 900,"경기도 파주시 시청로 85(아동동, 신안실크밸리2차)",37.7630905,126.7802889,신안실크밸리2차,아파트,2010-09-07,13~15,9,438,031-945-2557,,10931,2022-11-09
의무,임대,운정3동,동패동 1768(교하신도시 A18블록),"경기도 파주시 한울로 84(동패동, 휴먼시아 한울마을 5단지)",37.7093965,126.7389223,한울마을5단지 휴먼시아,아파트,2010-11-29,7~23,18,1467,031-8071-3555,국민임대,10905,2022-11-09
의무,분양,문산읍,문산읍 당동리 909,경기도 파주시 문산읍 당동1로 12 (5-2블록),37.8616666,126.7780798,자연앤꿈에그린5단지,아파트,2010-12-09,19~20,6,411,031-952-2633,,10819,2022-11-09
의무,분양,문산읍,문산읍 당동리 930,경기도 파주시 문산읍 당동1로 11 (6블록),37.8606126,126.7760971,자연앤꿈에그린6단지,아파트,2010-12-09,17~20,5,320,031-952-5093,,10819,2022-11-09
의무,분양,운정3동,야당동 1031(야당리 교하신도시 A28블록),"경기도 파주시 와석순환로 15(야당동, 휴먼시아 한빛마을8단지)",37.7084024,126.7569038,한빛마을8단지 휴먼시아,아파트,2011-06-10,7~28,17,1062,031-946-6012,,10906,2022-11-09
의무,임대,운정3동,동패동 1771(동패리 교하신도시 A18-1블록),"경기도 파주시 한울로 100 (동패동, 한울마을6단지)",37.7079832,126.7431037,한울마을6단지,아파트,2011-07-18,9~30,9,700,031-942-3785,공공임대/10년,10905,2022-11-09
의무,임대,운정1동,와동동 1331(와동동 파주운정택지개발지구 A5블록),"경기도 파주시 가람로 90(와동동, 가람마을6단지)",37.7307875,126.7627908,가람마을6단지 휴먼시아,아파트,2011-07-28,10~25,13,1220,031-945-7223,국민임대,10895,2022-11-09
의무,임대,운정3동,동패동 1752(동패동 파주운정택지개발지구 A17블록),"경기도 파주시 동패로 100(동패동, 한울마을3단지)",37.711451,126.741127,한울마을3단지,아파트,2011-08-11,12~25,11,648,031-943-2520,공공임대/10년,10905,2022-11-09
의무,임대,파주읍,파주읍 파주리 816,경기도 파주시 파주읍 파발로26번길 7,37.8321237,126.821513,파주휴먼시아,아파트,2011-10-09,10~14,8,464,031-954-1501,국민임대,10835,2022-11-09
의무,임대,운정3동,야당동 1026(야당동 파주운정택지개발지구 A19-1블록),"경기도 파주시 와석순환로 61(야당동, 한빛마을 7단지)",37.7087071,126.7517553,한빛마을7단지,아파트,2011-12-01,7~25,19,1352,031-942-7921,공공임대/10년,10906,2022-11-09
의무,임대,운정3동,야당동 1023(야당동 파주운정택지개발지구 A19블록),"경기도 파주시 와석순환로 87(야당동, 한빛마을 6단지)",37.7096521,126.7495156,한빛마을6단지,아파트,2011-12-01,9~25,19,1564,031-946-9382,국민임대,10906,2022-11-09
의무,분양,운정1동,와동동 1321(와동동 파주운정택지개발지구 A4블록),"경기도 파주시 가람로 70(와동동, 가람마을4단지)",37.7344644,126.7577311,가람마을4단지 한양수자인,아파트,2011-12-19,18,14,780,031-945-8417,,10895,2022-11-09
의무,임대,문산읍,문산읍 당동리 937,경기도 파주시 문산읍 방촌로 1720 (당동주공3단지),37.8654818,126.7851789,당동주공3단지 휴먼시아,아파트,2012-03-30,13~15,8,775,031-952-7293,국민임대,10815,2022-11-09
의무,임대,문산읍,문산읍 선유리 1394,경기도 파주시 문산읍 독서울1길 39 (휴먼시아문산선유3단지),37.8663282,126.8005062,문산선유3단지 휴먼시아,아파트,2012-03-30,13~15,14,1316,031-953-0723,국민임대,10812,2022-11-09
의무,임대,문산읍,문산읍 선유리 1404,경기도 파주시 문산읍 독서울1길 40,37.8679958,126.8029755,문산선유5단지 휴먼시아,아파트,2012-03-30,11~15,10,650,031-953-1863,국민임대,10812,2022-11-09
의무,분양,문산읍,문산읍 선유리 1409,경기도 파주시 문산읍 독서울1길 21,37.8656111,126.8029914,문산선유4단지,아파트,2012-03-30,13~14,10,343,031-952-2820,,10812,2022-11-09
의무,임대,문산읍,문산읍 당동리 908,경기도 파주시 문산읍 당동1로 12-1,37.8616666,126.7780798,문산당동4단지,아파트,2012-06-15,10~15,4,299,031-954-2484,국민임대,10819,2022-11-09
의무,분양,운정3동,야당동 991(야당동 파주운정신도시 A16블록),경기도 파주시 한빛로 70,37.7122638,126.7532451,한빛마을5단지 캐슬앤칸타빌,아파트,2012-07-27,20~30,22,2190,031-944-5208,,10908,2022-11-09
의무,분양,운정1동,와동동 1338(와동동 파주운정신도시 A6블록),경기도 파주시 가람로116번길 128,37.7343418,126.7562401,가람마을7단지 한라비발디,아파트,2012-11-29,18~25,13,978,031-945-7961,,10895,2022-11-09
의무,분양,금촌3동,금촌동 1014-2,경기도 파주시 정담길 185,37.7698087,126.7754782,그린아파트,아파트,2012-12-31,12,1,220,031-8071-4900,,10852,2022-11-09
의무,분양,운정2동,목동동 922,경기도 파주시 청암로 27,37.730854,126.7376841,산내마을6단지 한라비발디,아파트,2013-04-26,14~25,11,823,031-944-4871,,10872,2022-11-09
임의,분양,파주읍,파주읍 연풍리 1-3외 1필지,경기도 파주시 파주읍 술이홀로 569,37.8313057,126.8497731,두양엘린빌,연립,2013-05-09,4,5,80,,,10834,2022-11-09
임의,분양,금촌1동,금촌동 792-3,경기도 파주시 문화로 4,37.7555811,126.7797394,보광그랑베르,아파트,2013-08-14,15,1,136,031-944-8950,,10923,2022-11-09
의무,임대,운정2동,목동동 690(목동동 파주운정신도시 A13블록),경기도 파주시 와석순환로 380,37.7133199,126.7523421,해솔마을6단지,아파트,2014-05-15,12~25,17,1525,031-944-3753,국민임대,10899,2022-11-09
의무,임대,운정1동,와동동 1332(와동동 파주운정신도시 A5-1블록),경기도 파주시 가람로 116번길 40,37.7343418,126.7562401,가람마을5단지,아파트,2014-05-21,15~30,12,821,031-943-3981,공공임대/ 10년,10895,2022-11-09
의무,임대,운정2동,목동동 911(목동동 파주운정신도시 A23블록),경기도 파주시 교하로 70,37.7241478,126.7232742,산내마을3단지,아파트,2014-07-09,11월 30일,15,865,031-943-8267,공공임대/ 10년,10872,2022-11-09
의무,분양,운정1동,와동동 1404(와동동 운정신도시 A14블록),경기도 파주시 가온로 205,37.7233428,126.7505133,해솔마을7단지 롯데캐슬,아파트,2014-11-29,18~30,20,1880,031-942-1341,,10898,2022-11-09
임의,분양,교하동,문발동 564,경기도 파주시 책향기로 320,37.7227083,126.7188604,메이플카운티타운하우스,연립,2015-04-23,3,6,59,031-943-1551,,10884,2022-11-09
의무,분양,문산읍,문산읍 당동리 947외 1필지,경기도 파주시 문산읍 당동1로 52,37.8639142,126.7737127,한양수자인리버팰리스,아파트,2015-10-07,16~22,14,1006,031-954-6644,,10819,2022-11-09
의무,임대,교하동,신촌동 729-7(C76블록),경기도 파주시 문발로 430,37.7071667,126.6869133,파주출판문화 LH1단지(행복주택),아파트,2017-10-16,8,4,280,031-957-1145,,10881,2022-11-09
의무,분양,운정3동,야당동 1016(A27-1블록),경기도 파주시 와석순환로 16(롯데캐슬 파크타운),37.71215,126.7577123,한빛마을9단지 롯데캐슬,아파트,2017-10-27,26~29,10,1076,031-948-6727,,10908,2022-11-09
의무,임대,운정2동,목동동 904(A21블록),경기도 파주시 교하로 20,37.7241478,126.7232742,산내마을1단지(행복주택),아파트,2017-11-08,15~25,8,1700,031-949-9611,,10872,2022-11-09
의무,임대,운정2동,목동동 907(A20블록),경기도 파주시 교하로 50,37.7241478,126.7232742,산내마을2단지 센트럴리움(공공임대),아파트,2017-11-30,15~29,13,1362,031-949-6094,공공임대/ 10년,10872,2022-11-09
의무,분양,조리읍,조리읍 봉일천리 301,경기도 파주시 조리읍 소곡로 30,37.7439887,126.814208,봉일천효성해링턴,아파트,2018-02-21,10~21,8,490,031-945-1183,,10938,2022-11-09
의무,분양,운정3동,야당동 1015,경기도 파주시 한빛로 20,37.7122638,126.7532451,한빛마을4단지 운정롯데캐슬파크타운2차,아파트,2018-04-26,27~29,11,1169,031-949-6703,,10908,2022-11-09
의무,분양,운정2동,목동동 1149,경기도 파주시 교하로 100,37.7241478,126.7232742,산내마을9단지 운정힐스테이트,아파트,2018-07-16,18~29,25,2998,031-957-2012,,10891,2022-11-09
의무,분양,운정2동,목동동 1142,경기도 파주시 심학산로 385,37.7163371,126.7063015,산내마을10단지 운정센트럴푸르지오,아파트,2018-07-19,18~25,21,1956,031-949-9522,,10891,2022-11-09
임의,임대,금촌동,금촌동 799-4외 1필지,경기도 파주시 황골로 90,37.7551617,126.7744847,파주 금촌 행복주택(경기도시공사),아파트,2019-08-23,6,1,50,02-589-4988,행복주택,10922,2022-11-09
의무,임대,법원읍,법원리 689외 1필지,경기도 파주시 법원로 12,37.8473787,126.8768689,파주법원엘에이치행복주택1단지,아파트,2019-11-14,15,2,250,031-959-1503,행복주택,10826,2022-11-09
의무,분양,운정2동,목동동 898(A32블럭),경기도 파주시 청암로 50,37.730854,126.7376841,산내마을7단지 운정화성파크드림,아파트,2020-02-25,9~25,16,1047,031-949-8071,,10871,2022-11-09
의무,분양,운정3동,문산읍 선유리 1413외 1필지,경기도 파주시 문산읍 사임당로 7,37.8620061,126.8117999,파주문산역1차 동문굿모닝힐,아파트,2020-03-12,20~22,5,409,031-954-2690,,10813,2022-11-09
의무,임대,운정1동,와동동 1475,경기도 파주시 소리천로 203,37.7188961,126.7614408,가람마을14단지,아파트,2020-06-16,25,2,580,031-948-0580,행복주택,10896,2022-11-09
의무,분양,목동동,동패동 1781,경기도 파주시 심학산로 384,37.7163371,126.7063015,운정신도시 IPARK,아파트,2020-07-22,25~29,50,3042,031-947-7716,,10903,2022-11-09
의무,임대,교하동,다율동 146-5,경기도 파주시 해올로 20,37.7598688,126.7801781,휴아림,아파트,2020-08-28,29,7,748,031-949-0448,공공임대/10년,10865,2022-11-09
의무,임대,운정1동,와동동 789(파주운정3 A4블록),"경기도 파주시 가람로 109(와동동, 파주운정3 A4블록)",37.730336,126.7430265,별하람마을3단지 서희스타힐스엔에이치에프,아파트,2021-01-29,17~26,13,1422,031-949-6056~7,공공임대/10년,10869,2022-11-09
의무,임대,교하동,동패동 568-1(파주운정3 A25블록),"경기도 파주시 숲속노을로 60(와동동, 파주운정3 A25블록)",37.7266272,126.7093118,초롱꽃마을10단지,아파트,2021-03-15,9~20,7,1000,031-942-3300,공공임대(행복주택),10888,2022-11-09
의무,분양,교하동,동패동 555(파주운정3 A27블록),"경기도 파주시 양지로 120(동패동, 파주운정3 A27)",37.7170669,126.7434153,e편한세상 운정 어반프라임,아파트,2021-07-13,20,15,1010,031-947-3040,,413-835,2022-11-09
의무,임대,교하동,다율동 220-2(파주운정3 A15블록),"경기도 파주시 해올로 11(다율동, 파주운정3 A15)",37.733864,126.7385232,해오름마을11단지 우미린 더퍼스트,아파트,2021-08-04,20~28,8,846,031-947-7250,공공지원 민간임대,10865,2022-11-09
,,,,,,,,,,,,,,,,
,,,,,,,,,,,,,,,,
,,,,,,,,,,,,,,,,
,,,,,,,,,,,,,,,,
,,,,,,,,,,,,,,,,
,,,,,,,,,,,,,,,,
,,,,,,,,,,,,,,,,
,,,,,,,,,,,,,,,,
,,,,,,,,,,,,,,,,
,,,,,,,,,,,,,,,,
,,,,,,,,,,,,,,,,
,,,,,,,,,,,,,,,,
,,,,,,,,,,,,,,,,
,,,,,,,,,,,,,,,,
,,,,,,,,,,,,,,,,
,,,,,,,,,,,,,,,,
,,,,,,,,,,,,,,,,
,,,,,,,,,,,,,,,,
,,,,,,,,,,,,,,,,
,,,,,,,,,,,,,,,,
,,,,,,,,,,,,,,,,
,,,,,,,,,,,,,,,,
,,,,,,,,,,,,,,,,
,,,,,,,,,,,,,,,,
,,,,,,,,,,,,,,,,
,,,,,,,,,,,,,,,,
,,,,,,,,,,,,,,,,
,,,,,,,,,,,,,,,,
,,,,,,,,,,,,,,,,
,,,,,,,,,,,,,,,,
,,,,,,,,,,,,,,,,
,,,,,,,,,,,,,,,,
,,,,,,,,,,,,,,,,
,,,,,,,,,,,,,,,,
,,,,,,,,,,,,,,,,
,,,,,,,,,,,,,,,,
,,,,,,,,,,,,,,,,
,,,,,,,,,,,,85,,,,