철도운영기관명,선명,역명,지번주소,도로명주소,,,,,,,,,
코레일,1호선,가능,경기도 의정부시 가능동 197-1,경기도 의정부시 평화로 633,경기도,의정부시,평화로,633,,,,,
코레일,1호선,가산디지털단지,서울특별시 금천구 가산동 468-4,서울특별시 금천구 벚꽃로 309,서울특별시,금천구,벚꽃로,309,,,,,
코레일,1호선,간석,인천광역시 남동구 간석4동 762번지,인천광역시 남동구 석정로 522-14,인천광역시,남동구,석정로,522-14,,,,,
코레일,1호선,개봉,서울특별시 구로구 개보동 415,서울특별시 구로구 경인로40길 47,서울특별시,구로구,경인로40길,47,,,,,
코레일,1호선,관악,경기도 안양시 만악구 석수동 101-16,경기도 안양시 만안구 경수대로1273번길 46,경기도,안양시,만안구,경수대로1273번길,46,,,,
코레일,1호선,광명,경기도 광명시 일직동 276-1,경기도 광명시 광명역로 21,경기도,광명시,광명역로,21,,,,,
코레일,1호선,광운대,노원구 월계동 85,노원구 석계로 98-2,노원구,석계로,Feb-98,,,,,,
코레일,1호선,구로,서울특별시 구로구 구로동 585-3,서울특별시 구로구 구로중앙로 174,서울특별시,구로구,구로중앙로,174,,,,,
코레일,1호선,구일,서울시 구로구 구로1동 642-7,서울시 구로구 구일로 133,서울시,구로구,구일로,133,,,,,
코레일,1호선,군포,경기도 군포시 당동 134-1,경기도 군포시 군포역1길 27  ,경기도,군포시,군포역1길,27,,,,,
코레일,1호선,금정,경기도 군포시 금정동 613 금정역,경기도 군포시 군포로 750(금정동),경기도,군포시,군포로,750(금정동),,,,,
코레일,1호선,금천구청,서울특별시 금천구 시흥대로63길 91  ,서울특별시 금천구 시흥대로63길 91  ,서울특별시,금천구,시흥대로63길,91,,,,,
코레일,1호선,남영,서울특별시 용산구 갈월동 96-1,서울특별시 용산구 한강대로77길 25  ,서울특별시,용산구,한강대로77길,25,,,,,
코레일,1호선,노량진,서울특별시 동작구 노량진동 67-2,서울특별시 동작구 노량진로 151  ,서울특별시,동작구,노량진로,151,,,,,
코레일,1호선,녹양,경기도 의정부시 녹양동 96-1,경기도 의정부시 평화로 757,경기도,의정부시,평화로,757,,,,,
코레일,1호선,녹천,서울특별시 도봉구 창동 57-11,서울특별시 도봉구 덕릉로 376,서울특별시,도봉구,덕릉로,376,,,,,
코레일,1호선,당정,경기도 군포시 당정동 938번지,경기도 군포시 당정역로 91,경기도,군포시,당정역로,91,,,,,
코레일,1호선,대방,서울특별시 영등포구 신길동 1368-3,서울특별시 영등포구 여의대방로 300,서울특별시,영등포구,여의대방로,300,,,,,
코레일,1호선,덕계,경기도 양주시 덕계동 209-5,경기도 양주시 덕계로 126,경기도,양주시,덕계로,126,,,,,
코레일,1호선,덕정,경기도 양주시 덕정동 350-14,경기도 양주시 화합로 1356,경기도,양주시,화합로,1356,,,,,
코레일,1호선,도봉,서울시 도봉구 도봉2동 639,서울특별시 도봉구 도봉로 170길 2,서울특별시,도봉구,도봉로,170길,2,,,,
코레일,1호선,도봉산,서울특별시 도봉구 도봉동 301-5,서울특별시 도봉구 도봉로 948,서울특별시,도봉구,도봉로,948,,,,,
코레일,1호선,도원,인천광역시 동구 창영동 179-1번지,인천광역시 동구 참외전로 245번지,인천광역시,동구,참외전로,245번지,,,,,
코레일,1호선,도화,도화동 668,인천광역시 미추홀구 숙골로 24번길 9,인천광역시,미추홀구,숙골로,24번길,9,,,,
코레일,1호선,독산,서울특별시 금천구 가산동 717,서울특별시 금천구 벚꽃로115,서울특별시,금천구,벚꽃로115,,,,,,
코레일,1호선,동두천,경기도 동두천시 동두천동 245-31,경기도 동두천시 평화로 2687(동두천역),경기도,동두천시,평화로,2687(동두천역),,,,,
코레일,1호선,동두천중앙,경기도 동두천시 생연동 726-3,경기도 동두천시 동두천로 228,경기도,동두천시,동두천로,228,,,,,
코레일,1호선,동암,인천 부평구 십정2동474-1,인천부평구 동암광장로 10,인천부평구,동암광장로,10,,,,,,
코레일,1호선,동인천,인천광역시 중구 인현동 1-613,인천광역시 중구 참외전로 121 ,인천광역시,중구,참외전로,121,,,,,
코레일,1호선,두정,충청남도 천안시 서북구 두정동 84-1,충청남도 천안시 서북구 두정로 289  ,충청남도,천안시,서북구,두정로,289,,,,
코레일,1호선,망월사,경기도 의정부시 호원동 50-5,경기도 의정부시 평화로 221,경기도,의정부시,평화로,221,,,,,
코레일,1호선,명학,경기도 안양시 안양6동 383-1,경기도 안양시 만안구 안안로 20,경기도,안양시,만안구,안안로,20,,,,
코레일,1호선,방학,서울시 도봉구 도봉로 150다길 3,서울시 도봉구 방학동 728,서울시,도봉구,방학동,728,,,,,
코레일,1호선,배방,충청남도 아산시 배방읍 구령리 148-2,충청남도 아산시 배방읍 온천대로 1967  ,충청남도,아산시,배방읍,온천대로,1967,,,,
코레일,1호선,백운,인천광역시 부평구 십정동 541-1,인천광역시 부평구 마장로 55번길 14,인천광역시,부평구,마장로,55번길,14,,,,
코레일,1호선,병점,경기도 화성시 진암동 824-1,경기도 화성시 떡전골로 97,경기도,화성시,떡전골로,97,,,,,
코레일,1호선,보산,경기도 동두천시 보산동 422,경기도 동두천시 평화로 2539,경기도,동두천시,평화로,2539,,,,,
코레일,1호선,봉명,봉명동 20-2,충청남도 천안시 동남구 차돌로 51,충청남도,천안시,동남구,차돌로,51,,,,
코레일,1호선,부개,인천광역시 부평구 부개동 468,인천광역시 부평구 수변로 22  ,인천광역시,부평구,수변로,22,,,,,
코레일,1호선,부천,경기도 부천시 소사구 심곡본동 316-2,경기도 부천시 부천로 1,경기도,부천시,부천로,1,,,,,
코레일,1호선,부평,인천광역시 부평구 부평동 738-21,인천광역시 부평구 광장로 16,인천광역시,부평구,광장로,16,,,,,
코레일,1호선,서동탄,경기도 오산시 외삼미로 242,경기도 오산시 외삼미로 15번길 75-60,경기도,오산시,외삼미로,15번길,75-60,,,,
코레일,1호선,서정리,경기도 평택시 서정동 427-53,경기도 평택시 탄현로51,경기도,평택시,탄현로51,,,,,,
코레일,1호선,석계,서울특별시 노원구 월계동 36-4,서울특별시 노원구 화랑로 341,서울특별시,노원구,화랑로,341,,,,,
코레일,1호선,석수,안양시 만안구 석수2동 423번지,경기도 안양시 만안구 경수대로 1431,경기도,안양시,만안구,경수대로,1431,,,,
코레일,1호선,성균관대,경기도 수원시 장안구 율전동 495-2,경기도 수원시 장안구 서부로 2149  ,경기도,수원시,장안구,서부로,2149,,,,
코레일,1호선,성환,충청남도 천안시 서북구 성환읍 성환리 449-128,충청남도 천안시 서북구 성환읍 성환1로 237-5  ,충청남도,천안시,서북구,성환읍,성환1로,237-5,,,
코레일,1호선,세류,경기도 수원시 권선구 장지동 25-4,경기도 수원시 권선구 정조로 393-1(정자동 세류역사)  ,경기도,수원시,권선구,정조로,393-1(정자동,세류역사),,,
코레일,1호선,세마,경기도 오산시 세교동 244-5,경기도 오산시 세마역로 88,경기도,오산시,세마역로,88,,,,,
코레일,1호선,소사,경기도 부천시 소사구 소사본동 395,경기도 부천시 소사구 경인로 363,경기도,부천시,소사구,경인로,363,,,,
코레일,1호선,소요산,경기도 동두천시 상봄암동 126-3,경기도 동두천시 평화로 2925,경기도,동두천시,평화로,2925,,,,,
코레일,1호선,송내,경기도 부천시 소사구 송내동 632-4,경기도 부천시 소사구 송내대로 43  ,경기도,부천시,소사구,송내대로,43,,,,
코레일,1호선,송탄,경기도 평택시 신장동 257-5,경기도 평택시 송탄공원로 43,경기도,평택시,송탄공원로,43,,,,,
코레일,1호선,수원,경기도 수원시 팔달구 매산로1가 18,경기도 수원시 팔달구 덕영대로 944 924 애경백화점  ,경기도,수원시,팔달구,덕영대로,944,924,애경백화점,,
코레일,1호선,신길,서울특별시 영등포구 신길동 41-1,서울특별시 영등포구 영등포로 327  ,서울특별시,영등포구,영등포로,327,,,,,
코레일,1호선,신도림,서울시 구로구 신도림동 460-26,서울특별시 구로구 새말로 117-21  ,서울특별시,구로구,새말로,117-21,,,,,
코레일,1호선,신이문,서울특별시 동대문구 이문동 7,서울특별시 동대문구 한천로 472,서울특별시,동대문구,한천로,472,,,,,
코레일,1호선,신창(순천향대),충남 아산시 신창면 행목리 346-46,충남 아산시 신창면 행목로 50  ,충남,아산시,신창면,행목로,50,,,,
코레일,1호선,쌍용(나사렛대),천안시 서북구 쌍용2동 426-3번지,충청남도 천안시 서북구 쌍용19로 20,충청남도,천안시,서북구,쌍용19로,20,,,,
코레일,1호선,아산,충청남도 아산시 배방읍 장재리 268,충청남도 아산시 배방읍 희망로 90,충청남도,아산시,배방읍,희망로,90,,,,
코레일,1호선,안양,경기도 안양시 만안구 안양동 88-1,경기도 안양시 만안구 만안로 232,경기도,안양시,만안구,만안로,232,,,,
코레일,1호선,양주,경기도 양주시 남방동 94-1,경기도 양주시 평화로 919,경기도,양주시,평화로,919,,,,,
코레일,1호선,역곡,경기도 부천시 원미곡 역곡동 382,경기도 부천시 역곡로 1,경기도,부천시,역곡로,1,,,,,
코레일,1호선,영등포,서울특별시 영등포구 영등포동 618-496,서울특별시 영등포구 경인로 846,서울특별시,영등포구,경인로,846,,,,,
코레일,1호선,오류동,서울시 구로구 오류동 66,서울시 구로구 경인로 20길 13,서울시,구로구,경인로,20길,13,,,,
코레일,1호선,오산,경기도 오산시 오산동 603-116,경기도 오산시 역광장로 59,경기도,오산시,역광장로,59,,,,,
코레일,1호선,오산대,경기도 오산시 수청동 435-1,경기도 오산시 청학로 236,경기도,오산시,청학로,236,,,,,
코레일,1호선,온수,서울시 구로구 온수동51-7,서울시 구로구 부일로 872,서울시,구로구,부일로,872,,,,,
코레일,1호선,온양온천,충청남도 아산시 온천동 56-9  ,충청남도 아산시 온천대로 1496  ,충청남도,아산시,온천대로,1496,,,,,
코레일,1호선,외대앞,서울특별시 동대문구 이문동 360-5,서울특별시 동대문구 휘경로 27  ,서울특별시,동대문구,휘경로,27,,,,,
코레일,1호선,용산,서울 용산구 한강로3가 40-999,서울 용산구 한강대로23길 55,서울,용산구,한강대로23길,55,,,,,
코레일,1호선,월계,서울특별시 노원구 월계동 263-1,서울시 노원구 월계로 53길 40,서울시,노원구,월계로,53길,40,,,,
코레일,1호선,의왕,경기도 의왕시 삼동 191,경기도 의왕시 철도박물관로 66  ,경기도,의왕시,철도박물관로,66,,,,,
코레일,1호선,의정부,경기도 의정부시 의정부동 168-54,경기도 의정부시 평화로 525,경기도,의정부시,평화로,525,,,,,
코레일,1호선,인천,인천광역시 중구,인천광역시 중구 제물량로 269,인천광역시,중구,제물량로,269,,,,,
코레일,1호선,제물포,인천광역시 미추홀구 숭의동 450-39,인천광역시 미출홀구 경인로 129,인천광역시,미출홀구,경인로,129,,,,,
코레일,1호선,주안,인천광역시 남구 주안동 125,인천광역시 남구 주안로 95-19  ,인천광역시,남구,주안로,95-19,,,,,
코레일,1호선,중동,경기도 부천시 송내동 632번지,경기도 부천시 소사구 중동로 73,경기도,부천시,소사구,중동로,73,,,,
코레일,1호선,지행,동두천시 지행동 481-2,경기도 동두천시 평화로 2285,경기도,동두천시,평화로,2285,,,,,
코레일,1호선,직산,충청남도 천안시 서북구 직산읍 모시리 58-11,충청남도 천안시 서북구 직산읍 천안대로 1471-33  ,충청남도,천안시,서북구,직산읍,천안대로,1471-33,,,
코레일,1호선,진위,경기도 평택시 진위면 하북리 139-3,경기도 평택시 진위면 경기대로 1855,경기도,평택시,진위면,경기대로,1855,,,,
코레일,1호선,창동,서울특별시 도봉구 마들로 11길 77(창동역 1호선),서울특별시 도봉구 마들로 11길 77(창동역 1호선),서울특별시,도봉구,마들로,11길,77(창동역,1호선),,,
코레일,1호선,천안,충청남도 천안시 대흥동 57-1,충청남도 천안시 동남구 대흥로 239,충청남도,천안시,동남구,대흥로,239,,,,
코레일,1호선,탕정,,충남 아산시 탕정면 한들물빛6로 11,충남,아산시,탕정면,한들물빛6로,11,,,,
코레일,1호선,평택,경기도 평택시 평택동 185-568,경기도 평택시 평택로 51,경기도,평택시,평택로,51,,,,,
코레일,1호선,평택지제,지제동 141-1,경기도 평택시 경기대로 777,경기도,평택시,경기대로,777,,,,,
코레일,1호선,화서,경기도 수원시 팔달구 화서동 464,경기도 수원시 팔달구 덕영대로 692  ,경기도,수원시,팔달구,덕영대로,692,,,,
코레일,1호선,회기,서울특별시 동대문구 휘경동 317-101,서울특별시 동대문구 회기로 196,서울특별시,동대문구,회기로,196,,,,,
코레일,1호선,회룡,경기도 의정부시 호원동 50-5(회룡역),경기도 의정부시 평화로 363(회룡역),경기도,의정부시,평화로,363(회룡역),,,,,
서울교통공사,1호선,동대문,서울특별시 종로구 창신동 492-1 동대문역(1호선),서울특별시 종로구 종로 지하302(창신동),서울특별시,종로구,종로,지하302(창신동),,,,,
서울교통공사,1호선,동묘앞,서울특별시 종로구 숭인동 117 동묘앞역(1호선),서울특별시 종로구 종로 359(숭인동),서울특별시,종로구,종로,359(숭인동),,,,,
서울교통공사,1호선,서울역,서울특별시 중구 남대문로5가 73-6 서울역(1호선),서울특별시 중구 세종대로 지하2(남대문로 5가),서울특별시,중구,세종대로,지하2(남대문로,5가),,,,
서울교통공사,1호선,시청,서울특별시 중구 정동 5-5 시청역(1호선),서울특별시 중구 세종대로 지하101(정동),서울특별시,중구,세종대로,지하101(정동),,,,,
서울교통공사,1호선,신설동,서울특별시 동대문구 신설동 76-5 신설동역(1호선),서울특별시 동대문구 왕산로 지하1(신설동),서울특별시,동대문구,왕산로,지하1(신설동),,,,,
서울교통공사,1호선,제기동,서울특별시 동대문구 제기동 65 제기동역(1호선),서울특별시 동대문구 왕산로 지하93(제기동),서울특별시,동대문구,왕산로,지하93(제기동),,,,,
서울교통공사,1호선,종각,서울특별시 종로구 종로1가 54 종각역(1호선),서울특별시 종로구 종로 지하55(종로1가),서울특별시,종로구,종로,지하55(종로1가),,,,,
서울교통공사,1호선,종로3가,서울특별시 종로구 종로3가 10-5 종로3가역(1호선),서울특별시 종로구 종로 지하129(종로3가),서울특별시,종로구,종로,지하129(종로3가),,,,,
서울교통공사,1호선,종로5가,서울특별시 종로구 종로5가 82-1 종로5가역(1호선),서울특별시 종로구 종로 지하216(종로5가),서울특별시,종로구,종로,지하216(종로5가),,,,,
서울교통공사,1호선,청량리(서울시립대입구),서울특별시 동대문구 전농동 620-69 청량리역(1호선),서울특별시 동대문구 왕산로 지하205(전농동),서울특별시,동대문구,왕산로,지하205(전농동),,,,,
코레일,3호선,대곡,경기도 고양시 대장동 426-2,경기도 교양시 대주로 107번길 71-81,경기도,교양시,대주로,107번길,71-81,,,,
코레일,3호선,대화,경기도 고양시 일산서구 대화동 2221,경기 고양시 일산서구 중앙로 1569,경기,고양시,일산서구,중앙로,1569,,,,
코레일,3호선,마두,경기도 고양시 일산동구 마두동 765-1,경기도 고양시 일산동구 중앙로 지하 1180,경기도,고양시,일산동구,중앙로,지하,1180,,,
코레일,3호선,백석,경기도 고양시 일산동구 백석동 1538,경기도 고양시 일산동구 중앙로 1042 (백석동) 백석역,경기도,고양시,일산동구,중앙로,1042,(백석동),백석역,,
코레일,3호선,삼송,경기도 고양시 덕양구 삼송동 18-5,경기도 고양시 덕양구 삼송로 194 삼송역,경기도,고양시,덕양구,삼송로,194,삼송역,,,
코레일,3호선,원당,경기도 고양시 덕양구 성사동 410-7,경기도 고양시 덕양구 고양대로 1429 원당역,경기도,고양시,덕양구,고양대로,1429,원당역,,,
코레일,3호선,원흥,경기도 고양시 덕양구 원흥동143-1,"경기도 고양시 덕양구 권율대로 681 (원흥동, 원흥역) 원흥역",경기도,고양시,덕양구,권율대로,681,"(원흥동,",원흥역),원흥역,
코레일,3호선,정발산,경기도 고양시 일산동구 마두동 1123,경기도 고양시 일산동구 중앙로 1270  ,경기도,고양시,일산동구,중앙로,1270,,,,
코레일,3호선,주엽,경기도 고양시 일산 서구,"경기도 고양시 일산서구 중앙로 1432 (주엽동, 주엽역) 주엽역",경기도,고양시,일산서구,중앙로,1432,"(주엽동,",주엽역),주엽역,
코레일,3호선,화정,경기도 고양시 덕양구 화정동 1098,경기도 고양시 덕양구 화정로 60,경기도,고양시,덕양구,화정로,60,,,,
서울교통공사,3호선,가락시장,서울특별시 송파구 가락동 184-23 가락시장역(3호선),서울특별시 송파구 송파대로 지하257(가락동),서울특별시,송파구,송파대로,지하257(가락동),,,,,
서울교통공사,3호선,경복궁(정부서울청사),서울특별시 종로구 적선동 81-1 경복궁역(3호선),서울특별시 종로구 사직로 지하130(적선동),서울특별시,종로구,사직로,지하130(적선동),,,,,
서울교통공사,3호선,경찰병원,서울특별시 송파구 가락동 10-15 경찰병원역(3호선),서울특별시 송파구 중대로 지하149(가락동),서울특별시,송파구,중대로,지하149(가락동),,,,,
서울교통공사,3호선,고속터미널,서울특별시 서초구 반포동 19-11 고속터미널역(3호선),서울특별시 서초구 신반포로 지하188(반포동),서울특별시,서초구,신반포로,지하188(반포동),,,,,
서울교통공사,3호선,교대(법원·검찰청),서울특별시 서초구 서초동 1748-4 교대역(3호선),서울특별시 서초구 서초대로 지하294(서초동),서울특별시,서초구,서초대로,지하294(서초동),,,,,
서울교통공사,3호선,구파발,서울특별시 은평구 진관동 67-26 구파발역(3호선),서울특별시 은평구 진관2로 지하15-25 (진관동),서울특별시,은평구,진관2로,지하15-25,(진관동),,,,
서울교통공사,3호선,금호,서울특별시 성동구 금호동4가 1470 금호역(3호선),서울특별시 성동구 동호로 지하104(금호동4가),서울특별시,성동구,동호로,지하104(금호동4가),,,,,
서울교통공사,3호선,남부터미널(예술의전당),서울특별시 서초구 서초동 1748-30 남부터미널역(3호선),서울특별시 서초구 서초중앙로 지하31(서초동),서울특별시,서초구,서초중앙로,지하31(서초동),,,,,
서울교통공사,3호선,녹번,서울특별시 은평구 녹번동 55 녹번역(3호선),서울특별시 은평구 통일로 지하602-1(녹번동),서울특별시,은평구,통일로,지하602-1(녹번동),,,,,
서울교통공사,3호선,대청,서울특별시 강남구 일원동 700-9 대청역(3호선),서울특별시 강남구 일원로 지하2(일원동),서울특별시,강남구,일원로,지하2(일원동),,,,,
서울교통공사,3호선,대치,서울특별시 강남구 대치동 317-3 대치역(3호선),서울특별시 강남구 남부순환로 지하2952(대치동),서울특별시,강남구,남부순환로,지하2952(대치동),,,,,
서울교통공사,3호선,도곡,서울특별시 강남구 도곡동 339-2 도곡역(3호선),서울특별시 강남구 남부순환로 지하2814(도곡동),서울특별시,강남구,남부순환로,지하2814(도곡동),,,,,
서울교통공사,3호선,독립문,서울특별시 서대문구 현저동 101 독립문역(3호선),서울특별시 서대문구 통일로 지하247(현저동),서울특별시,서대문구,통일로,지하247(현저동),,,,,
서울교통공사,3호선,동대입구,서울특별시 중구 장충동2가 199-3 동대입구역(3호선),서울특별시 중구 동호로 지하256(장충동2가),서울특별시,중구,동호로,지하256(장충동2가),,,,,
서울교통공사,3호선,매봉,서울특별시 강남구 도곡동 179-2 매봉역(3호선),서울특별시 강남구 남부순환로 지하2744(도곡동),서울특별시,강남구,남부순환로,지하2744(도곡동),,,,,
서울교통공사,3호선,무악재,서울특별시 서대문구 홍제동 26-1 무악재역(3호선),서울특별시 서대문구 통일로 지하361(홍제동),서울특별시,서대문구,통일로,지하361(홍제동),,,,,
서울교통공사,3호선,불광,서울특별시 은평구 대조동 13-10 불광역(3호선),서울특별시 은평구 통일로 지하723-1(대조동),서울특별시,은평구,통일로,지하723-1(대조동),,,,,
서울교통공사,3호선,수서,서울특별시 강남구 수서동 728 수서역(3호선),서울특별시 강남구 광평로 지하270(수서동),서울특별시,강남구,광평로,지하270(수서동),,,,,
서울교통공사,3호선,신사,서울특별시 강남구 신사동 667 신사역(3호선),서울특별시 강남구 도산대로 지하102(신사동),서울특별시,강남구,도산대로,지하102(신사동),,,,,
서울교통공사,3호선,안국,서울특별시 종로구 안국동 73-1 안국역(3호선),서울특별시 종로구 율곡로 지하62(안국동),서울특별시,종로구,율곡로,지하62(안국동),,,,,
서울교통공사,3호선,압구정,서울특별시 강남구 신사동 668 압구정역(3호선),서울특별시 강남구 압구정로 지하172(신사동),서울특별시,강남구,압구정로,지하172(신사동),,,,,
서울교통공사,3호선,약수,서울특별시 중구 신당동 369-44 약수역(3호선),서울특별시 중구 다산로 지하122(신당동),서울특별시,중구,다산로,지하122(신당동),,,,,
서울교통공사,3호선,양재(서초구청),서울특별시 서초구 서초동 1366-9 양재역(3호선),서울특별시 서초구 남부순환로 지하2585(서초동),서울특별시,서초구,남부순환로,지하2585(서초동),,,,,
서울교통공사,3호선,연신내,서울특별시 은평구 갈현동 397 연신내역(3호선),서울특별시 은평구 통일로 지하849(갈현동),서울특별시,은평구,통일로,지하849(갈현동),,,,,
서울교통공사,3호선,오금,서울특별시 송파구 오금동 44-2 오금역(3호선),서울특별시 송파구 오금로 지하321(오금동),서울특별시,송파구,오금로,지하321(오금동),,,,,
서울교통공사,3호선,옥수,서울특별시 성동구 옥수동 168-1 옥수역(3호선),서울특별시 성동구 동호로 21(옥수동),서울특별시,성동구,동호로,21(옥수동),,,,,
서울교통공사,3호선,을지로3가,서울특별시 중구 을지로3가 282-8 을지로3가역(3호선),서울특별시 중구 을지로 지하129(을지로3가),서울특별시,중구,을지로,지하129(을지로3가),,,,,
서울교통공사,3호선,일원,서울특별시 강남구 일원동 717 일원역(3호선),서울특별시 강남구 일원로 지하121(일원동),서울특별시,강남구,일원로,지하121(일원동),,,,,
서울교통공사,3호선,잠원,서울특별시 서초구 잠원동 100-1 잠원역(3호선),서울특별시 서초구 잠원로4길 지하46(잠원동),서울특별시,서초구,잠원로4길,지하46(잠원동),,,,,
서울교통공사,3호선,종로3가,서울특별시 종로구 묘동 20-5 종로3가역(3호선),서울특별시 종로구 돈화문로 지하30(묘동),서울특별시,종로구,돈화문로,지하30(묘동),,,,,
서울교통공사,3호선,지축,경기도 고양시 덕양구 지축동 818-64 지축역(3호선),경기도 고양시 덕양구 삼송로 300(지축동),경기도,고양시,덕양구,삼송로,300(지축동),,,,
서울교통공사,3호선,충무로,서울특별시 중구 필동2가 16-2 충무로역(3호선),서울특별시 중구 퇴계로 지하214(필동2가),서울특별시,중구,퇴계로,지하214(필동2가),,,,,
서울교통공사,3호선,학여울,서울특별시 강남구 대치동 514-3 학여울역(3호선),서울특별시 강남구 남부순환로 지하3104(대치동),서울특별시,강남구,남부순환로,지하3104(대치동),,,,,
서울교통공사,3호선,홍제,서울특별시 서대문구 홍제동 161-1 홍제역(3호선),서울특별시 서대문구 통일로 지하440-1(홍제동),서울특별시,서대문구,통일로,지하440-1(홍제동),,,,,
코레일,4호선,경마공원,경기도 과천시 과천동 654,경기도 과천시 경마공원대로 지하105,경기도,과천시,경마공원대로,지하105,,,,,
코레일,4호선,고잔,경기도 안산시 단원구 고잔동 453-67,경기도 안산시 단원구 중앙대로 784,경기도,안산시,단원구,중앙대로,784,,,,
코레일,4호선,과천,경기도 과천시 별양동 2,경기도 과천시 별양로 지하 177,경기도,과천시,별양로,지하,177,,,,
코레일,4호선,금정,경기도 군포시 금정동 613 금정역,경기도 군포시 군포로 750(금정동),경기도,군포시,군포로,750(금정동),,,,,
코레일,4호선,대공원,경기도 과천시 과천동 727-1,경기도 과천시 대공원대로 50,경기도,과천시,대공원대로,50,,,,,
코레일,4호선,대야미,군포시 대야1로28번,군포시 대야1로 28번,군포시,대야1로,28번,,,,,,
코레일,4호선,반월,경기도 안산시 상록구 건건동 산62-1,경기도 안산시 상록구 건건로 119-10,경기도,안산시,상록구,건건로,119-10,,,,
코레일,4호선,범계,경기도 안양시 동안구 호계동 1039-2,경기도 안양시 동안구 동안로 지하 130,경기도,안양시,동안구,동안로,지하,130,,,
코레일,4호선,산본,경기도 군포시 산본동 1231번지,경기도 군포시 번영로 504 (산본동),경기도,군포시,번영로,504,(산본동),,,,
코레일,4호선,상록수,경기도 안산시 상록구 본오동 1177,경기도 안산시 상록수 상록수로 61,경기도,안산시,상록수,상록수로,61,,,,
코레일,4호선,선바위,경기도 과천시 과천동 355,경기도 과천시 중앙로 440,경기도,과천시,중앙로,440,,,,,
코레일,4호선,수리산,경기도 군포시 산본동 1231-1,경기도 군포시 번영로 385,경기도,군포시,번영로,385,,,,,
코레일,4호선,신길온천,경기도 안산시 단원구 신길동 216-2,경기도 안산시 단원구 황고개로 2,경기도,안산시,단원구,황고개로,2,,,,
코레일,4호선,안산,경기도 안산시 단원구 원곡동 377-2,경기도 안산시 단원구 중앙대로 462,경기도,안산시,단원구,중앙대로,462,,,,
코레일,4호선,오이도,경기도 시흥시 정왕동 878,경기도 시흥시 역전로 430  ,경기도,시흥시,역전로,430,,,,,
코레일,4호선,인덕원,경기도 안양시 동안구 관양2동 1566,경기도 안양시 동안구 흥안대로 529,경기도,안양시,동안구,흥안대로,529,,,,
코레일,4호선,정부과천청사,경기도 과천시 별양동 1,경기도 과천시 중앙로 지하 100(별양동),경기도,과천시,중앙로,지하,100(별양동),,,,
코레일,4호선,정왕,경기도 시흥시 정왕동 2324-2,경기도 시흥시 마유로 418번길 15,경기도,시흥시,마유로,418번길,15,,,,
코레일,4호선,중앙,경기도 안산시 단원구 고잔동 167-378 중앙역,경기도 안산시 단원구 중앙대로 918,경기도,안산시,단원구,중앙대로,918,,,,
코레일,4호선,초지,경기도 안산시 단원구 초지동 25-1,경기도 안산시 단원구 중앙대로 620,경기도,안산시,단원구,중앙대로,620,,,,
코레일,4호선,평촌,경기도 안양시 동안구 관양동 1608-1,경기도 안양시 동안구 부림로 지하 123,경기도,안양시,동안구,부림로,지하,123,,,
코레일,4호선,한대앞,경기도 안산시 상록구 이동 211-5,경기도 안산시 상록구 충장로 337,경기도,안산시,상록구,충장로,337,,,,
서울교통공사,4호선,길음,서울특별시 성북구 길음동 877-66 길음역(4호선),서울특별시 성북구 동소문로 지하248(길음동),서울특별시,성북구,동소문로,지하248(길음동),,,,,
서울교통공사,4호선,남태령,서울특별시 서초구 방배동 2909 남태령역(4호선),서울특별시 서초구 과천대로 지하816(방배동),서울특별시,서초구,과천대로,지하816(방배동),,,,,
서울교통공사,4호선,노원,서울특별시 노원구 상계동 602-5 노원역(4호선),서울특별시 노원구 상계로 69-1(상계동),서울특별시,노원구,상계로,69-1(상계동),,,,,
서울교통공사,4호선,당고개,서울특별시 노원구 상계동 111 당고개역(4호선),서울특별시 노원구 상계로 305(상계동),서울특별시,노원구,상계로,305(상계동),,,,,
서울교통공사,4호선,동대문,서울특별시 종로구 종로6가 287-1 동대문역(4호선),서울특별시 종로구 율곡로 지하308(종로6가),서울특별시,종로구,율곡로,지하308(종로6가),,,,,
서울교통공사,4호선,동대문역사문화공원,서울특별시 중구 광희동2가 9 동대문역사문화공원역(4호선),서울특별시 중구 장충단로 지하230(광희동2가),서울특별시,중구,장충단로,지하230(광희동2가),,,,,
서울교통공사,4호선,동작(현충원),서울특별시 동작구 동작동 327-1 동작역(4호선),서울특별시 동작구 현충로 257(동작동),서울특별시,동작구,현충로,257(동작동),,,,,
서울교통공사,4호선,명동,서울특별시 중구 충무로2가 109-2 명동역(4호선),서울특별시 중구 퇴계로 지하126(충무로2가),서울특별시,중구,퇴계로,지하126(충무로2가),,,,,
서울교통공사,4호선,미아,서울특별시 강북구 미아동 194-1 미아역(4호선),서울특별시 강북구 도봉로 지하198(미아동),서울특별시,강북구,도봉로,지하198(미아동),,,,,
서울교통공사,4호선,미아사거리,서울특별시 강북구 미아동 66-1 미아사거리역(4호선),서울특별시 강북구 도봉로 지하50(미아동),서울특별시,강북구,도봉로,지하50(미아동),,,,,
서울교통공사,4호선,사당,서울특별시 동작구 사당동 588-44 사당역(4호선),서울특별시 동작구  동작대로 지하3(사당동),서울특별시,동작구,동작대로,지하3(사당동),,,,,
서울교통공사,4호선,삼각지,서울특별시 용산구 한강로1가 228-1 삼각지역(4호선),서울특별시 용산구 한강대로 지하180(한강로1가),서울특별시,용산구,한강대로,지하180(한강로1가),,,,,
서울교통공사,4호선,상계,서울특별시 노원구 상계동 156-203 상계역(4호선),서울특별시 노원구 상계로 182(상계동),서울특별시,노원구,상계로,182(상계동),,,,,
서울교통공사,4호선,서울역,서울특별시 용산구 동자동 14-151 서울역 (4호선),서울특별시 용산구 한강대로 지하392(동자동),서울특별시,용산구,한강대로,지하392(동자동),,,,,
서울교통공사,4호선,성신여대입구(돈암),서울특별시 성북구 동선동4가 1 성신여대입구역(4호선),서울특별시 성북구 동소문로 지하102(동선동4가),서울특별시,성북구,동소문로,지하102(동선동4가),,,,,
서울교통공사,4호선,수유(강북구청),서울특별시 강북구 수유동 140 수유역(4호선),서울특별시 강북구 도봉로 지하338(수유동),서울특별시,강북구,도봉로,지하338(수유동),,,,,
서울교통공사,4호선,숙대입구(갈월),서울특별시 용산구 갈월동 16-7 숙대입구역(4호선),서울특별시 용산구 한강대로 지하306(갈월동),서울특별시,용산구,한강대로,지하306(갈월동),,,,,
서울교통공사,4호선,신용산,서울특별시 용산구 한강로2가 181 신용산역(4호선),서울특별시 용산구 한강대로 지하112(한강로2가),서울특별시,용산구,한강대로,지하112(한강로2가),,,,,
서울교통공사,4호선,쌍문,서울특별시 도봉구 창동 703-4 쌍문역(4호선),서울특별시 도봉구 도봉로 지하 486-1(창동),서울특별시,도봉구,도봉로,지하,486-1(창동),,,,
서울교통공사,4호선,이촌(국립중앙박물관),서울특별시 용산구 용산동5가 17-112 이촌역(4호선),서울특별시 용산구 서빙고로 지하83(용산동5가),서울특별시,용산구,서빙고로,지하83(용산동5가),,,,,
서울교통공사,4호선,창동,서울특별시 도봉구 창동 135-1 창동역(4호선),서울특별시 도봉구 마들로11길 77(창동),서울특별시,도봉구,마들로11길,77(창동),,,,,
서울교통공사,4호선,총신대입구(이수),서울특별시 동작구 사당동 736-1 총신대입구(이수)역(4호선),서울특별시 동작구 동작대로 지하117(사당동),서울특별시,동작구,동작대로,지하117(사당동),,,,,
서울교통공사,4호선,충무로,서울특별시 중구 필동2가 16-2 충무로역(4호선),서울특별시 중구 퇴계로 지하214(필동2가),서울특별시,중구,퇴계로,지하214(필동2가),,,,,
서울교통공사,4호선,한성대입구(삼선교),서울특별시 성북구 삼선동1가 14 한성대입구역(4호선),서울특별시 성북구 삼선교로 지하1(삼선동1가),서울특별시,성북구,삼선교로,지하1(삼선동1가),,,,,
서울교통공사,4호선,혜화,서울특별시 종로구 명륜4가 96-5 혜화역(4호선),서울특별시 종로구 대학로 지하120(명륜4가),서울특별시,종로구,대학로,지하120(명륜4가),,,,,
서울교통공사,4호선,회현(남대문시장),서울특별시 중구 남창동 64-1 회현역(4호선),서울특별시 중구 퇴계로 지하54(남창동),서울특별시,중구,퇴계로,지하54(남창동),,,,,
서울교통공사,5호선,강동,서울특별시 강동구 천호동 447 강동역(5호선),서울특별시 강동구 천호대로 지하1097(천호동),서울특별시,강동구,천호대로,지하1097(천호동),,,,,
서울교통공사,5호선,강일,서울특별시 강동구 상일동 산73 강일역(5호선),서울특별시 강동구 고덕로 지하456(강일동),서울특별시,강동구,고덕로,지하456(강일동),,,,,
서울교통공사,5호선,개롱,서울특별시 송파구 가락동 165-2 개롱역(5호선),서울특별시 송파구 오금로 지하402(가락동),서울특별시,송파구,오금로,지하402(가락동),,,,,
서울교통공사,5호선,개화산,서울특별시 강서구 방화동 846 개화산역(5호선),서울특별시 강서구 양천로 22(방화동),서울특별시,강서구,양천로,22(방화동),,,,,
서울교통공사,5호선,거여,서울특별시 송파구 거여동 20-14 거여역(5호선),서울특별시 송파구 오금로 지하499(거여동),서울특별시,송파구,오금로,지하499(거여동),,,,,
서울교통공사,5호선,고덕,서울특별시 강동구 고덕동 310 고덕역(5호선),서울특별시 강동구 고덕로 지하253(고덕동),서울특별시,강동구,고덕로,지하253(고덕동),,,,,
서울교통공사,5호선,공덕,서울특별시 마포구 공덕동 423-29 공덕역(5호선),서울특별시 마포구 마포대로 지하100(공덕동),서울특별시,마포구,마포대로,지하100(공덕동),,,,,
서울교통공사,5호선,광나루(장신대),서울특별시 광진구 광장동 237 광나루역(5호선),서울특별시 광진구 아차산로 지하571(광장동),서울특별시,광진구,아차산로,지하571(광장동),,,,,
서울교통공사,5호선,광화문(세종문화회관),서울특별시 종로구 세종로 1-68 5호선 광화문역(5호선),서울특별시 종로구 세종대로 지하172(세종로),서울특별시,종로구,세종대로,지하172(세종로),,,,,
서울교통공사,5호선,군자(능동),서울특별시 광진구 능동 275-5 군자(능동)역(5호선),서울특별시 광진구 천호대로 지하550(능동),서울특별시,광진구,천호대로,지하550(능동),,,,,
서울교통공사,5호선,굽은다리(강동구민회관앞),서울특별시 강동구 명일동 345-12 굽은다리역(5호선),서울특별시 강동구 양재대로 지하1572(명일동),서울특별시,강동구,양재대로,지하1572(명일동),,,,,
서울교통공사,5호선,길동,서울특별시 강동구 길동 378 길동역(5호선),서울특별시 강동구 양재대로 지하1480(길동),서울특별시,강동구,양재대로,지하1480(길동),,,,,
서울교통공사,5호선,김포공항,서울특별시 강서구 방화동 886 김포공항역(5호선),서울특별시 강서구 하늘길 지하77(방화동),서울특별시,강서구,하늘길,지하77(방화동),,,,,
서울교통공사,5호선,까치산,서울특별시 강서구 화곡동 662-5 까치산역(5호선),서울특별시 강서구 강서로 지하54(화곡동),서울특별시,강서구,강서로,지하54(화곡동),,,,,
서울교통공사,5호선,답십리,서울특별시 성동구 용답동 99 답십리역(5호선),서울특별시 성동구 천호대로 지하300(용답동),서울특별시,성동구,천호대로,지하300(용답동),,,,,
서울교통공사,5호선,동대문역사문화공원,서울특별시 중구 광희동1가 235-6 동대문역사문화공원역(5호선),서울특별시 중구 마른내로 지하162(광희동1가),서울특별시,중구,마른내로,지하162(광희동1가),,,,,
서울교통공사,5호선,둔촌동,서울특별시 강동구 둔촌동 416 둔촌동역(5호선),서울특별시 강동구 양재대로 지하1369(둔촌동),서울특별시,강동구,양재대로,지하1369(둔촌동),,,,,
서울교통공사,5호선,마곡,서울특별시 강서구 마곡동 769-3 마곡역(5호선),서울특별시 강서구 공항대로 지하163(마곡동),서울특별시,강서구,공항대로,지하163(마곡동),,,,,
서울교통공사,5호선,마장,서울특별시 성동구 마장동 804 마장역(5호선),서울특별시 성동구 마장로 지하296(마장동),서울특별시,성동구,마장로,지하296(마장동),,,,,
서울교통공사,5호선,마천,서울특별시 송파구 마천동 307-4 마천역(5호선),서울특별시 송파구 마천로57길 지하7(마천동),서울특별시,송파구,마천로57길,지하7(마천동),,,,,
서울교통공사,5호선,마포,서울특별시 마포구 도화동 160 마포역(5호선),서울특별시 마포구 마포대로 지하33(도화동),서울특별시,마포구,마포대로,지하33(도화동),,,,,
서울교통공사,5호선,명일,서울특별시 강동구 명일동 312 명일역(5호선),서울특별시 강동구 양재대로 지하1632(명일동),서울특별시,강동구,양재대로,지하1632(명일동),,,,,
서울교통공사,5호선,목동,서울특별시 양천구 목동 926-3 목동역(5호선),서울특별시 양천구 오목로 지하245(목동),서울특별시,양천구,오목로,지하245(목동),,,,,
서울교통공사,5호선,미사,경기도 하남시 망월동 1122 미사역(5호선),경기도 하남시 미사강변동로 지하90(망월동),경기도,하남시,미사강변동로,지하90(망월동),,,,,
서울교통공사,5호선,발산,서울특별시 강서구 마곡동 727-1496 발산역(5호선),서울특별시 강서구 공항대로 지하267(마곡동),서울특별시,강서구,공항대로,지하267(마곡동),,,,,
서울교통공사,5호선,방이,서울특별시 송파구 방이동 217-2 방이역(5호선),서울특별시 송파구 양재대로 지하1127(방이동),서울특별시,송파구,양재대로,지하1127(방이동),,,,,
서울교통공사,5호선,방화,서울특별시 강서구 방화동 829-15 방화역(5호선),서울특별시 강서구 금낭화로 지하132(방화동),서울특별시,강서구,금낭화로,지하132(방화동),,,,,
서울교통공사,5호선,상일동,서울특별시 강동구 상일동 148 상일동역(5호선),서울특별시 강동구 고덕로 지하359(상일동),서울특별시,강동구,고덕로,지하359(상일동),,,,,
서울교통공사,5호선,서대문,서울특별시 종로구 평동 210 서대문역(5호선),서울특별시 종로구 통일로 지하126(평동),서울특별시,종로구,통일로,지하126(평동),,,,,
서울교통공사,5호선,송정,서울특별시 강서구 공항동 29-5 송정역(5호선),서울특별시 강서구 공항대로 지하33(공항동),서울특별시,강서구,공항대로,지하33(공항동),,,,,
서울교통공사,5호선,신금호,서울특별시 성동구 금호동2가 223-1 신금호역(5호선),서울특별시 성동구 금호로 지하154(금호동2가),서울특별시,성동구,금호로,지하154(금호동2가),,,,,
서울교통공사,5호선,신길,서울특별시 영등포구 영등포동1가 35 신길역(5호선),서울특별시 영등포구 경인로114가길 지하9(영등포동1가),서울특별시,영등포구,경인로114가길,지하9(영등포동1가),,,,,
서울교통공사,5호선,신정(은행정),서울특별시 양천구 신정동 1090 신정역(5호선),서울특별시 양천구 오목로 지하179(신정동),서울특별시,양천구,오목로,지하179(신정동),,,,,
서울교통공사,5호선,아차산(어린이대공원후문),서울특별시 광진구 능동 256-16 5호선 아차산역(5호선),서울특별시 광진구 천호대로 지하657(능동),서울특별시,광진구,천호대로,지하657(능동),,,,,
서울교통공사,5호선,애오개,서울특별시 마포구 아현동 612 애오개역(5호선),서울특별시 마포구 마포대로 지하210(아현동),서울특별시,마포구,마포대로,지하210(아현동),,,,,
서울교통공사,5호선,양평,서울특별시 영등포구 양평동2가 33-79 양평역(5호선),서울특별시 영등포구 양산로 지하21(양평동2가),서울특별시,영등포구,양산로,지하21(양평동2가),,,,,
서울교통공사,5호선,여의나루,서울특별시 영등포구 여의도동 84-4 여의나루역(5호선),서울특별시 영등포구 여의동로 지하343(여의도동),서울특별시,영등포구,여의동로,지하343(여의도동),,,,,
서울교통공사,5호선,여의도,서울특별시 영등포구 여의도동 3 여의도역(5호선),서울특별시 영등포구 여의나루로 지하40(여의도동),서울특별시,영등포구,여의나루로,지하40(여의도동),,,,,
서울교통공사,5호선,영등포구청,서울특별시 영등포구 당산동3가 556-1 영등포구청역(5호선),서울특별시 영등포구 양산로 지하116(당산동3가),서울특별시,영등포구,양산로,지하116(당산동3가),,,,,
서울교통공사,5호선,영등포시장,서울특별시 영등포구 영등포동5가 62-1 영등포시장역(5호선),서울특별시 영등포구 양산로 지하200(영등포동5가),서울특별시,영등포구,양산로,지하200(영등포동5가),,,,,
서울교통공사,5호선,오금,서울특별시 송파구 오금동 44-2 오금역(5호선),서울특별시 송파구 오금로 지하321(오금동),서울특별시,송파구,오금로,지하321(오금동),,,,,
서울교통공사,5호선,오목교(목동운동장앞),서울특별시 양천구 목동 406-30 오목교역(5호선),서울특별시 양천구 오목로 지하342(목동),서울특별시,양천구,오목로,지하342(목동),,,,,
서울교통공사,5호선,올림픽공원(한국체대),서울특별시 송파구 방이동 89-28 올림픽공원역(5호선),서울특별시 송파구 양재대로 지하1233(방이동),서울특별시,송파구,양재대로,지하1233(방이동),,,,,
서울교통공사,5호선,왕십리,서울특별시 성동구 행당동 192 왕십리역(5호선),서울특별시 성동구 왕십리로 지하300(행당동),서울특별시,성동구,왕십리로,지하300(행당동),,,,,
서울교통공사,5호선,우장산,서울특별시 강서구 화곡동 1089-3 우장산역(5호선),서울특별시 강서구 강서로 지하262(화곡동),서울특별시,강서구,강서로,지하262(화곡동),,,,,
서울교통공사,5호선,을지로4가,서울특별시 중구 주교동 191 을지로4가역(5호선),서울특별시 중구 창경궁로 지하51(주교동),서울특별시,중구,창경궁로,지하51(주교동),,,,,
서울교통공사,5호선,장한평,서울특별시 동대문구 장안동 472-3 장한평역(5호선),서울특별시 동대문구 천호대로 지하405(장안동),서울특별시,동대문구,천호대로,지하405(장안동),,,,,
서울교통공사,5호선,종로3가(탑골공원),서울특별시 종로구 돈의동 39-1 5호선 종로3가역(5호선),서울특별시 종로구 돈화문로11길 지하 26(돈의동),서울특별시,종로구,돈화문로11길,지하,26(돈의동),,,,
서울교통공사,5호선,천호(풍납토성),서울특별시 강동구 천호동 455 천호역(5호선),서울특별시 강동구 천호대로 지하997(천호동),서울특별시,강동구,천호대로,지하997(천호동),,,,,
서울교통공사,5호선,청구,서울특별시 중구 신당동 295-2 청구역(5호선),서울특별시 중구 청구로 지하77(신당동),서울특별시,중구,청구로,지하77(신당동),,,,,
서울교통공사,5호선,충정로(경기대입구),서울특별시 서대문구 충정로3가 248-1 충정로역(5호선),서울특별시 서대문구 충정로 지하 28-1(충정로3가),서울특별시,서대문구,충정로,지하,28-1(충정로3가),,,,
서울교통공사,5호선,하남검단산역,경기도 하남시 창우동 526 하남검단산역(5호선),경기도 하남시 대청로 지하100(창우동),경기도,하남시,대청로,지하100(창우동),,,,,
서울교통공사,5호선,하남시청(덕풍·신장),경기도 하남시 덕풍동 405-1 하남시청(덕풍신장)역(5호선),경기도 하남시 하남대로 지하820(덕풍동),경기도,하남시,하남대로,지하820(덕풍동),,,,,
서울교통공사,5호선,하남풍산,경기도 하남시 덕풍동 727-3 하남풍산역(5호선),경기도 하남시 덕풍서로 지하50(덕풍동),경기도,하남시,덕풍서로,지하50(덕풍동),,,,,
서울교통공사,5호선,행당,서울특별시 성동구 행당동 317-241 행당역(5호선),서울특별시 성동구 행당로 지하89(행당동),서울특별시,성동구,행당로,지하89(행당동),,,,,
서울교통공사,5호선,화곡,서울특별시 강서구 화곡동 1089-54 화곡역(5호선),서울특별시 강서구 화곡로 지하168(화곡동),서울특별시,강서구,화곡로,지하168(화곡동),,,,,
서울교통공사,6호선,고려대(종암),서울특별시 성북구 종암동 29-18 고려대역(6호선),서울특별시 성북구 종암로 지하1(종암동),서울특별시,성북구,종암로,지하1(종암동),,,,,
서울교통공사,6호선,공덕,서울특별시 마포구 공덕동 439 공덕역(6호선),서울특별시 마포구 백범로 지하200(공덕동),서울특별시,마포구,백범로,지하200(공덕동),,,,,
서울교통공사,6호선,광흥창(서강),서울특별시 마포구 창전동 145-17 광흥창역(6호선),서울특별시 마포구 독막로 지하165(창전동),서울특별시,마포구,독막로,지하165(창전동),,,,,
서울교통공사,6호선,구산,서울특별시 은평구 구산동 1 구산역(6호선),서울특별시 은평구 연서로 지하137-1(구산동),서울특별시,은평구,연서로,지하137-1(구산동),,,,,
서울교통공사,6호선,녹사평(용산구청),서울특별시 용산구 용산동4가 4 녹사평역(6호선),서울특별시 용산구 녹사평대로 지하195(용산동4가),서울특별시,용산구,녹사평대로,지하195(용산동4가),,,,,
서울교통공사,6호선,대흥(서강대앞),서울특별시 마포구 대흥동 128-1 대흥역(6호선),서울특별시 마포구 대흥로 지하85(대흥동),서울특별시,마포구,대흥로,지하85(대흥동),,,,,
서울교통공사,6호선,독바위,서울특별시 은평구 불광동 13-33 독바위역(6호선),서울특별시 은평구 불광로 지하129-1(불광동),서울특별시,은평구,불광로,지하129-1(불광동),,,,,
서울교통공사,6호선,돌곶이,서울특별시 성북구 석관동 349-8 돌곶이역(6호선),서울특별시 성북구 화랑로 지하243(석관동),서울특별시,성북구,화랑로,지하243(석관동),,,,,
서울교통공사,6호선,동묘앞,서울특별시 종로구 숭인동 316-3 동묘앞역(6호선),서울특별시 종로구 지봉로 지하24(숭인동),서울특별시,종로구,지봉로,지하24(숭인동),,,,,
서울교통공사,6호선,디지털미디어시티,서울특별시 은평구 증산동 223-25 디지털미디어시티역(6호선),서울특별시 은평구 수색로 지하175(증산동),서울특별시,은평구,수색로,지하175(증산동),,,,,
서울교통공사,6호선,마포구청,서울특별시 마포구 성산동 592 마포구청역(6호선),서울특별시 마포구 월드컵로 지하190(성산동),서울특별시,마포구,월드컵로,지하190(성산동),,,,,
서울교통공사,6호선,망원,서울특별시 마포구 망원동 378 망원역(6호선),서울특별시 마포구 월드컵로 지하77(망원동),서울특별시,마포구,월드컵로,지하77(망원동),,,,,
서울교통공사,6호선,버티고개,서울특별시 중구 신당동 366-454 버티고개역(6호선),서울특별시 중구 다산로 지하38(신당동),서울특별시,중구,다산로,지하38(신당동),,,,,
서울교통공사,6호선,보문,서울특별시 성북구 보문동1가 127-1 보문역(6호선),서울특별시 성북구 보문로 지하116(보문동1가),서울특별시,성북구,보문로,지하116(보문동1가),,,,,
서울교통공사,6호선,봉화산(서울의료원),서울특별시 중랑구 신내동 643-1 봉화산역(6호선),서울특별시 중랑구 신내로 지하232(신내동),서울특별시,중랑구,신내로,지하232(신내동),,,,,
서울교통공사,6호선,불광,서울특별시 은평구 대조동 13-10 불광역(6호선),서울특별시 은평구 통일로 지하723-1(대조동),서울특별시,은평구,통일로,지하723-1(대조동),,,,,
서울교통공사,6호선,삼각지,서울특별시 용산구 한강로1가 228-1 삼각지역(6호선),서울특별시 용산구 한강대로 지하185(한강로1가),서울특별시,용산구,한강대로,지하185(한강로1가),,,,,
서울교통공사,6호선,상수,서울특별시 마포구 상수동 309-10 상수역(6호선),서울특별시 마포구 독막로 지하85(상수동),서울특별시,마포구,독막로,지하85(상수동),,,,,
서울교통공사,6호선,상월곡(한국과학기술연구원),서울특별시 성북구 상월곡동 26-1 상월곡역(6호선),서울특별시 성북구 화랑로 지하157(상월곡동),서울특별시,성북구,화랑로,지하157(상월곡동),,,,,
서울교통공사,6호선,새절(신사),서울특별시 은평구 신사동 337-5 새절역(6호선),서울특별시 은평구 증산로 지하400(신사동),서울특별시,은평구,증산로,지하400(신사동),,,,,
서울교통공사,6호선,석계,서울특별시 노원구 월계동 25-2 석계역(6호선),서울특별시 노원구 화랑로 지하 347-1(월계동),서울특별시,노원구,화랑로,지하,347-1(월계동),,,,
서울교통공사,6호선,신내,서울특별시 중랑구 신내동 19 신내역(6호선),서울특별시 중랑구 용마산로136길 33 신내차량기지,서울특별시,중랑구,용마산로136길,33,신내차량기지,,,,
서울교통공사,6호선,신당,서울특별시 중구 흥인동 162-1 신당역(6호선),서울특별시 중구 다산로 지하260(흥인동),서울특별시,중구,다산로,지하260(흥인동),,,,,
서울교통공사,6호선,안암(고대병원앞),서울특별시 성북구 안암동5가 146-1 안암역(6호선),서울특별시 성북구 고려대로 지하89(안암동5가),서울특별시,성북구,고려대로,지하89(안암동5가),,,,,
서울교통공사,6호선,약수,서울특별시 중구 신당동 369-2 약수역(6호선),서울특별시 중구 다산로 지하115(신당동),서울특별시,중구,다산로,지하115(신당동),,,,,
서울교통공사,6호선,역촌,서울특별시 은평구 녹번동 153-31 역촌역(6호선),서울특별시 은평구 서오릉로 지하63(녹번동),서울특별시,은평구,서오릉로,지하63(녹번동),,,,,
서울교통공사,6호선,연신내,서울특별시 은평구 갈현동 397 연신내역(6호선),서울특별시 은평구 통일로 지하849(갈현동),서울특별시,은평구,통일로,지하849(갈현동),,,,,
서울교통공사,6호선,월곡(동덕여대),서울특별시 성북구 하월곡동 35-1 월곡역(6호선),서울특별시 성북구 월곡로 지하107(하월곡동),서울특별시,성북구,월곡로,지하107(하월곡동),,,,,
서울교통공사,6호선,월드컵경기장(성산),서울특별시 마포구 성산동 420 월드컵경기장역(6호선),서울특별시 마포구 월드컵로 지하240(성산동),서울특별시,마포구,월드컵로,지하240(성산동),,,,,
서울교통공사,6호선,응암,서울특별시 은평구 신사동 22-15 응암역(6호선),서울특별시 은평구 증산로 지하477(신사동),서울특별시,은평구,증산로,지하477(신사동),,,,,
서울교통공사,6호선,이태원,서울특별시 용산구 이태원동 119-23 이태원역(6호선),서울특별시 용산구 이태원로 지하177(이태원동),서울특별시,용산구,이태원로,지하177(이태원동),,,,,
서울교통공사,6호선,증산(명지대앞),서울특별시 은평구 증산동 199-8 증산역(6호선),서울특별시 은평구 증산로 지하306(증산동),서울특별시,은평구,증산로,지하306(증산동),,,,,
서울교통공사,6호선,창신,서울특별시 종로구 창신동 20-8 창신역(6호선),서울특별시 종로구 지봉로 지하112(창신동),서울특별시,종로구,지봉로,지하112(창신동),,,,,
서울교통공사,6호선,청구,서울특별시 중구 신당동 295-2 청구역(6호선),서울특별시 중구 청구로 지하77(신당동),서울특별시,중구,청구로,지하77(신당동),,,,,
서울교통공사,6호선,태릉입구,서울특별시 노원구 공릉동 616-4 태릉입구역(6호선),서울특별시 노원구 동일로 지하 992-1(공릉동),서울특별시,노원구,동일로,지하,992-1(공릉동),,,,
서울교통공사,6호선,한강진,서울특별시 용산구 한남동 726-494 한강진역(6호선),서울특별시 용산구 이태원로 지하287(한남동),서울특별시,용산구,이태원로,지하287(한남동),,,,,
서울교통공사,6호선,합정,서울특별시 마포구 합정동 414 합정역(6호선),서울특별시 마포구 양화로 지하45(합정동),서울특별시,마포구,양화로,지하45(합정동),,,,,
서울교통공사,6호선,화랑대(서울여대입구),서울특별시 노원구 공릉동 285-2 화랑대역(6호선),서울특별시 노원구 화랑로 지하510(공릉동),서울특별시,노원구,화랑로,지하510(공릉동),,,,,
서울교통공사,6호선,효창공원앞,서울특별시 용산구 효창동 80 효창공원앞역(6호선),서울특별시 용산구 백범로 지하287(효창동),서울특별시,용산구,백범로,지하287(효창동),,,,,
서울교통공사,7호선,가산디지털단지,서울특별시 금천구 가산동 468-4 가산디지털단지역(7호선),서울특별시 금천구 벚꽃로 309(가산동),서울특별시,금천구,벚꽃로,309(가산동),,,,,
서울교통공사,7호선,강남구청,서울특별시 강남구 삼성동 111-44 강남구청역(7호선),서울특별시 강남구 학동로 지하346(삼성동),서울특별시,강남구,학동로,지하346(삼성동),,,,,
서울교통공사,7호선,건대입구,서울특별시 광진구 화양동 6-3 건대입구역(7호선),서울특별시 광진구 능동로 지하110(화양동),서울특별시,광진구,능동로,지하110(화양동),,,,,
서울교통공사,7호선,고속터미널,서울특별시 서초구 반포동 19-11 고속터미널역(7호선),서울특별시 서초구 신반포로 지하188(반포동),서울특별시,서초구,신반포로,지하188(반포동),,,,,
서울교통공사,7호선,공릉(서울과학기술대),서울특별시 노원구 공릉동 385-4 공릉역(7호선),서울특별시 노원구 동일로 지하1074(공릉동),서울특별시,노원구,동일로,지하1074(공릉동),,,,,
서울교통공사,7호선,광명사거리,경기도 광명시 광명동 158-211 광명사거리역(7호선),경기도 광명시 오리로 지하980(광명동),경기도,광명시,오리로,지하980(광명동),,,,,
서울교통공사,7호선,군자(능동),서울특별시 광진구 능동 275-5 군자(능동)역(7호선),서울특별시 광진구 천호대로 지하550(능동),서울특별시,광진구,천호대로,지하550(능동),,,,,
서울교통공사,7호선,남구로,서울특별시 구로구 구로동 801-95 남구로역(7호선),서울특별시 구로구 도림로 지하7(구로동),서울특별시,구로구,도림로,지하7(구로동),,,,,
서울교통공사,7호선,남성,서울특별시 동작구 사당동 산25-33 남성역(7호선),서울특별시 동작구 사당로 지하218(사당동),서울특별시,동작구,사당로,지하218(사당동),,,,,
서울교통공사,7호선,내방,서울특별시 서초구 방배동 874-16 내방역(7호선),서울특별시 서초구 서초대로 지하103(방배동),서울특별시,서초구,서초대로,지하103(방배동),,,,,
서울교통공사,7호선,노원,서울특별시 노원구 상계동 729 노원역(7호선),서울특별시 노원구 동일로 지하1409(상계동),서울특별시,노원구,동일로,지하1409(상계동),,,,,
서울교통공사,7호선,논현,서울특별시 강남구 논현동 279-67 논현역(7호선),서울특별시 강남구 학동로 지하102(논현동),서울특별시,강남구,학동로,지하102(논현동),,,,,
서울교통공사,7호선,대림(구로구청),서울특별시 영등포구 대림동 1050-17 대림역(7호선),서울특별시 영등포구 도림로 지하137(대림동),서울특별시,영등포구,도림로,지하137(대림동),,,,,
서울교통공사,7호선,도봉산,서울특별시 도봉구 도봉동 38-3 도봉산역(7호선),서울특별시 도봉구 도봉로 964-40(도봉동),서울특별시,도봉구,도봉로,964-40(도봉동),,,,,
서울교통공사,7호선,뚝섬유원지,서울특별시 광진구 자양동 73-2 뚝섬유원지역(7호선),서울특별시 광진구 능동로 10(자양동),서울특별시,광진구,능동로,10(자양동),,,,,
서울교통공사,7호선,마들,서울특별시 노원구 상계동 650 마들역(7호선),서울특별시 노원구 동일로 지하1530-1(상계동),서울특별시,노원구,동일로,지하1530-1(상계동),,,,,
서울교통공사,7호선,먹골,서울특별시 중랑구 묵동 189-5 먹골역(7호선),서울특별시 중랑구 동일로 지하901(묵동),서울특별시,중랑구,동일로,지하901(묵동),,,,,
서울교통공사,7호선,면목,서울특별시 중랑구 면목동 282-6 면목역(7호선),서울특별시 중랑구 면목로 지하407(면목동),서울특별시,중랑구,면목로,지하407(면목동),,,,,
서울교통공사,7호선,반포,서울특별시 서초구 잠원동 103 반포역(7호선),서울특별시 서초구 신반포로 지하241(잠원동),서울특별시,서초구,신반포로,지하241(잠원동),,,,,
서울교통공사,7호선,보라매,서울특별시 동작구 대방동 466-51 보라매역(7호선),서울특별시 동작구 상도로 지하2(대방동),서울특별시,동작구,상도로,지하2(대방동),,,,,
서울교통공사,7호선,사가정,서울특별시 중랑구 면목동 495 사가정역(7호선),서울특별시 중랑구 사가정로 지하393(면목동),서울특별시,중랑구,사가정로,지하393(면목동),,,,,
서울교통공사,7호선,상도,서울특별시 동작구 상도1동 702-1 상도역(중대입구역)(7호선),서울특별시 동작구 상도로 지하272(상도1동),서울특별시,동작구,상도로,지하272(상도1동),,,,,
서울교통공사,7호선,상봉(시외버스터미널),서울특별시 중랑구 상봉동 100-9 상봉역(7호선),서울특별시 중랑구 망우로 297(상봉동),서울특별시,중랑구,망우로,297(상봉동),,,,,
서울교통공사,7호선,수락산,서울특별시 노원구 상계동 1132-9 수락산역(7호선),서울특별시 노원구 동일로 지하1662(상계동),서울특별시,노원구,동일로,지하1662(상계동),,,,,
서울교통공사,7호선,숭실대입구(살피재),서울특별시 동작구 상도동 514 숭실대입구역(7호선),서울특별시 동작구 상도로 지하378(상도동),서울특별시,동작구,상도로,지하378(상도동),,,,,
서울교통공사,7호선,신대방삼거리,서울특별시 동작구 대방동 406-10 신대방삼거리역(7호선),서울특별시 동작구 상도로 지하76(대방동),서울특별시,동작구,상도로,지하76(대방동),,,,,
서울교통공사,7호선,신풍,서울특별시 영등포구 신길동 3599 신풍역(7호선),서울특별시 영등포구 신풍로 지하27(신길동),서울특별시,영등포구,신풍로,지하27(신길동),,,,,
서울교통공사,7호선,어린이대공원(세종대),서울특별시 광진구 화양동 164-1 어린이대공원역(7호선),서울특별시 광진구 능동로 지하210(화양동),서울특별시,광진구,능동로,지하210(화양동),,,,,
서울교통공사,7호선,온수(성공회대입구),서울특별시 구로구 온수동 119 온수역(7호선),서울특별시 구로구 경인로3길 지하64(온수동),서울특별시,구로구,경인로3길,지하64(온수동),,,,,
서울교통공사,7호선,용마산,서울특별시 중랑구 면목동 1316-5 용마산역(7호선),서울특별시 중랑구 용마산로 지하227(면목동),서울특별시,중랑구,용마산로,지하227(면목동),,,,,
서울교통공사,7호선,장승배기,서울특별시 동작구 상도동 26-20 장승배기역(7호선),서울특별시 동작구 상도로 지하188(상도동),서울특별시,동작구,상도로,지하188(상도동),,,,,
서울교통공사,7호선,장암,경기도 의정부시 장암동 160-8 장암역(7호선),경기도 의정부시 동일로 121(장암동),경기도,의정부시,동일로,121(장암동),,,,,
서울교통공사,7호선,중계,서울특별시 노원구 중계동 503-3 중계역(7호선),서울특별시 노원구 동일로 지하1308-1(중계동),서울특별시,노원구,동일로,지하1308-1(중계동),,,,,
서울교통공사,7호선,중곡,서울특별시 광진구 중곡동 273-2 7호선 중곡역(7호선),서울특별시 광진구 능동로 지하417(중곡동),서울특별시,광진구,능동로,지하417(중곡동),,,,,
서울교통공사,7호선,중화,서울특별시 중랑구 중화동 50-3 중화역(7호선),서울특별시 중랑구 동일로 지하797(중화동),서울특별시,중랑구,동일로,지하797(중화동),,,,,
서울교통공사,7호선,천왕,서울특별시 구로구 천왕동 14-25 천왕역(7호선),서울특별시 구로구 오리로 지하1154(천왕동),서울특별시,구로구,오리로,지하1154(천왕동),,,,,
서울교통공사,7호선,철산,경기도 광명시 철산동 526 철산역(7호선),경기도 광명시 철산로 지하13(철산동),경기도,광명시,철산로,지하13(철산동),,,,,
서울교통공사,7호선,청담,서울특별시 강남구 청담동 77-76 청담역(7호선),서울특별시 강남구 학동로 지하508(청담동),서울특별시,강남구,학동로,지하508(청담동),,,,,
서울교통공사,7호선,총신대입구(이수),서울특별시 동작구 사당동 144-4 이수역(7호선),서울특별시 동작구 사당로 지하310(사당동),서울특별시,동작구,사당로,지하310(사당동),,,,,
서울교통공사,7호선,태릉입구,서울특별시 노원구 공릉동 616-4 태릉입구역(7호선),서울특별시 노원구 동일로 지하 992-1(공릉동),서울특별시,노원구,동일로,지하,992-1(공릉동),,,,
서울교통공사,7호선,하계,서울특별시 노원구 하계동 273-5 하계역(7호선),서울특별시 노원구 동일로 지하1196(하계동),서울특별시,노원구,동일로,지하1196(하계동),,,,,
서울교통공사,7호선,학동,서울특별시 강남구 논현동 279-67 학동역(7호선),서울특별시 강남구 학동로 지하180(논현동),서울특별시,강남구,학동로,지하180(논현동),,,,,
인천교통공사,7호선,굴포천,,경기도 부천시 길주로 623,경기도,부천시,길주로,623,,,,,
인천교통공사,7호선,까치울,,경기도 부천시 길주로 626,경기도,부천시,길주로,626,,,,,
인천교통공사,7호선,부천시청,,경기도 부천시 길주로 202,경기도,부천시,길주로,202,,,,,
인천교통공사,7호선,부천종합운동장,,경기도 부천시 길주로 502,경기도,부천시,길주로,502,,,,,
인천교통공사,7호선,부평구청,,경기도 부천시 길주로 189,경기도,부천시,길주로,189,,,,,
인천교통공사,7호선,산곡,,경기도 부천시 길주로 379,경기도,부천시,길주로,379,,,,,
인천교통공사,7호선,삼산체육관,,경기도 부천시 길주로 713,경기도,부천시,길주로,713,,,,,
인천교통공사,7호선,상동,,경기도 부천시 길주로 104,경기도,부천시,길주로,104,,,,,
인천교통공사,7호선,석남(거북시장),,경기도 부천시 길주로 120,경기도,부천시,길주로,120,,,,,
인천교통공사,7호선,신중동,,경기도 부천시 길주로 314,경기도,부천시,길주로,314,,,,,
인천교통공사,7호선,춘의,,경기도 부천시 길주로 406,경기도,부천시,길주로,406,,,,,
서울교통공사,8호선,가락시장,서울특별시 송파구 가락동 184-23 가락시장역(8호선),서울특별시 송파구 송파대로 지하257(가락동),서울특별시,송파구,송파대로,지하257(가락동),,,,,
서울교통공사,8호선,강동구청,서울특별시 강동구 성내동 319 강동구청역(8호선),서울특별시 강동구 올림픽로 지하550(성내동),서울특별시,강동구,올림픽로,지하550(성내동),,,,,
서울교통공사,8호선,남위례,경기도 성남시 수정구 복정동 57 남위례역(8호선),경기도 성남시 수정구 공원로 601(복정동),경기도,성남시,수정구,공원로,601(복정동),,,,
서울교통공사,8호선,남한산성입구(성남법원·검찰청),경기도 성남시 수정구 단대동 96 남한산성입구역(8호선),경기도 성남시 수정구 산성대로 지하445(단대동),경기도,성남시,수정구,산성대로,지하445(단대동),,,,
서울교통공사,8호선,단대오거리,경기도 성남시 수정구 신흥동 2467 단대오거리역(8호선),경기도 성남시 수정구 산성대로 지하365(신흥동),경기도,성남시,수정구,산성대로,지하365(신흥동),,,,
서울교통공사,8호선,모란,경기도 성남시 수정구 수진동 4518 모란역(8호선),경기도 성남시 수정구 산성대로 지하100(수진동),경기도,성남시,수정구,산성대로,지하100(수진동),,,,
서울교통공사,8호선,몽촌토성(평화의문),서울특별시 송파구 신천동 19 몽촌토성역(8호선),서울특별시 송파구 올림픽로 지하383(신천동),서울특별시,송파구,올림픽로,지하383(신천동),,,,,
서울교통공사,8호선,문정,서울특별시 송파구 문정동 119-4 문정역(8호선),서울특별시 송파구 송파대로 지하179(문정동),서울특별시,송파구,송파대로,지하179(문정동),,,,,
서울교통공사,8호선,복정,서울특별시 송파구 장지동 596-21 복정역(8호선),서울특별시 송파구 송파대로 지하6(장지동),서울특별시,송파구,송파대로,지하6(장지동),,,,,
서울교통공사,8호선,산성,경기도 성남시 수정구 신흥동 7 산성역(8호선),경기도 성남시 수정구 수정로 지하365(신흥동),경기도,성남시,수정구,수정로,지하365(신흥동),,,,
서울교통공사,8호선,석촌,서울특별시 송파구 석촌동 209 석촌역(8호선),서울특별시 송파구 송파대로 지하439(석촌동),서울특별시,송파구,송파대로,지하439(석촌동),,,,,
서울교통공사,8호선,송파,서울특별시 송파구 가락동 459-4 송파역(8호선),서울특별시 송파구 송파대로 지하354(가락동),서울특별시,송파구,송파대로,지하354(가락동),,,,,
서울교통공사,8호선,수진,경기도 성남시 수정구 수진동 2205-1 수진역(8호선),경기도 성남시 수정구 산성대로 지하200(수진동),경기도,성남시,수정구,산성대로,지하200(수진동),,,,
서울교통공사,8호선,신흥,경기도 성남시 수정구 신흥동 2467 신흥역(8호선),경기도 성남시 수정구 산성대로 지하280(신흥동),경기도,성남시,수정구,산성대로,지하280(신흥동),,,,
서울교통공사,8호선,암사,서울특별시 강동구 암사동 501 암사역(8호선),서울특별시 강동구 올림픽로 지하776(암사동),서울특별시,강동구,올림픽로,지하776(암사동),,,,,
서울교통공사,8호선,잠실(송파구청),서울특별시 송파구 신천동 7-4 잠실역(8호선),서울특별시 송파구 올림픽로 305(신천동),서울특별시,송파구,올림픽로,305(신천동),,,,,
서울교통공사,8호선,장지,서울특별시 송파구 장지동 201-5 장지역(8호선),서울특별시 송파구 송파대로 지하82(장지동),서울특별시,송파구,송파대로,지하82(장지동),,,,,
서울교통공사,8호선,천호(풍납토성),서울특별시 강동구 천호동 455 천호역(8호선),서울특별시 강동구 천호대로 지하997(천호동),서울특별시,강동구,천호대로,지하997(천호동),,,,,
서울9호선,9호선,개화,서울특별시 강서구 개화동 493-2,서울특별시 강서구 개화동로 8길 38,서울특별시,강서구,개화동로,8길,38,,,,
서울9호선,9호선,김포공항,서울특별시 강서구 방화동 886,서울특별시 강서구 하늘길 77,서울특별시,강서구,하늘길,77,,,,,
서울9호선,9호선,공항시장,서울특별시 강서구 공항동 산 20-2,서울특별시 강서구 방화동로 30,서울특별시,강서구,방화동로,30,,,,,
서울9호선,9호선,신방화,서울특별시 강서구 방화동 217-156,서울특별시 강서구 방화대로 301,서울특별시,강서구,방화대로,301,,,,,
서울9호선,9호선,마곡나루,서울특별시 강서구 마곡동 367-6,서울특별시 강서구 마곡중앙5로 2,서울특별시,강서구,마곡중앙5로,2,,,,,
서울9호선,9호선,양천향교,서울특별시 강서구 가양동 159-3,서울특별시 강서구 양천로 341,서울특별시,강서구,양천로,341,,,,,
서울9호선,9호선,가양,서울특별시 강서구 가양동 14-61,서울특별시 강서구 양천로 485,서울특별시,강서구,양천로,485,,,,,
서울9호선,9호선,증미,서울특별시 강서구 등촌동 666-40,서울특별시 강서구 양천로 560,서울특별시,강서구,양천로,560,,,,,
서울9호선,9호선,등촌,서울특별시 강서구 등촌동 666-94,서울특별시 강서구 공항대로 529,서울특별시,강서구,공항대로,529,,,,,
서울9호선,9호선,염창,서울특별시 강서구 염창동 284-84,서울특별시 강서구 공항대로 631,서울특별시,강서구,공항대로,631,,,,,
서울9호선,9호선,신목동,서울특별시 양천구 목동 136-2,서울특별시 양천구 목동중앙로 217,서울특별시,양천구,목동중앙로,217,,,,,
서울9호선,9호선,선유도,서울특별시 영등포구 양평동5가 66-1,서울특별시 영등포구 양평로 124,서울특별시,영등포구,양평로,124,,,,,
서울9호선,9호선,당산,서울특별시 영등포구 당산동6가 227-1,서울특별시 영등포구 양평로 40,서울특별시,영등포구,양평로,40,,,,,
서울9호선,9호선,국회의사당,서울특별시 영등포구 여의도동 1-6,서울특별시 영등포구 국회대로 758,서울특별시,영등포구,국회대로,758,,,,,
서울9호선,9호선,여의도,서울특별시 영등포구 여의도동 2-6,서울특별시 영등포구 의사당대로 101,서울특별시,영등포구,의사당대로,101,,,,,
서울9호선,9호선,샛강,서울특별시 영등포구 여의도동 5-6,서울특별시 영등포구 의사당대로 166,서울특별시,영등포구,의사당대로,166,,,,,
서울9호선,9호선,노량진,서울특별시 동작구 노량진동 60-11,서울특별시 동작구 노량진로 130,서울특별시,동작구,노량진로,130,,,,,
서울9호선,9호선,노들,서울특별시 동작구 본동 344-10,서울특별시 동작구 노량진로 238,서울특별시,동작구,노량진로,238,,,,,
서울9호선,9호선,흑석(중앙대입구),서울특별시 동작구 흑석동 4,서울특별시 동작구 현충로 90,서울특별시,동작구,현충로,90,,,,,
서울9호선,9호선,동작(현충원),서울특별시 동작구 동작동 326,서울특별시 동작구 현충로 220,서울특별시,동작구,현충로,220,,,,,
서울9호선,9호선,구반포,서울특별시 서초구 반포동 817,서울특별시 서초구 신반포로 17,서울특별시,서초구,신반포로,17,,,,,
서울9호선,9호선,신반포,서울특별시 서초구 반포동 128-1,서울특별시 서초구 신반포로 105,서울특별시,서초구,신반포로,105,,,,,
서울9호선,9호선,고속터미널,서울특별시 서초구 반포동 19-11,서울특별시 서초구 신반포로 188,서울특별시,서초구,신반포로,188,,,,,
서울9호선,9호선,사평,서울특별시 서초구 반포동 128-7,서울특별시 서초구 사평대로 285,서울특별시,서초구,사평대로,285,,,,,
서울9호선,9호선,신논현,서울특별시 강남구 역삼동 800,서울특별시 강남구 봉은사로 102,서울특별시,강남구,봉은사로,102,,,,,
서울9호선,9호선,언주,서울특별시 강남구 논현동 279-165,서울특별시 강남구 봉은사로 201,서울특별시,강남구,봉은사로,201,,,,,
서울9호선,9호선,선정릉,서울특별시 강남구 삼성동 111-114,서울특별시 강남구 선릉로 580,서울특별시,강남구,선릉로,580,,,,,
서울9호선,9호선,삼성중앙,서울특별시 강남구 삼성동 111-147,서울특별시 강남구 봉은사로 501,서울특별시,강남구,봉은사로,501,,,,,
서울9호선,9호선,봉은사,서울특별시 강남구 삼성동 172,서울특별시 강남구 봉은사로 601,서울특별시,강남구,봉은사로,601,,,,,
서울9호선,9호선,종합운동장,서울특별시 송파구 잠실동 123,서울특별시 송파구 올림픽로 23,서울특별시,송파구,올림픽로,23,,,,,
서울9호선,9호선,삼전,서울특별시 송파구 잠실동 289,서울특별시 송파구 백제고분로 지하 187,서울특별시,송파구,백제고분로,지하,187,,,,
서울9호선,9호선,석촌고분,서울특별시 송파구 삼전동180-8,서울특별시 송파구 삼학사로 지하 53 ,서울특별시,송파구,삼학사로,지하,53,,,,
서울9호선,9호선,석촌,서울특별시 송파구 석촌동 209,서울특별시 송파구 송파대로 지하 439,서울특별시,송파구,송파대로,지하,439,,,,
서울9호선,9호선,송파나루,서울특별시 송파구 방이동 2,서울특별시 송파구 백제고분로 지하 446,서울특별시,송파구,백제고분로,지하,446,,,,
서울9호선,9호선,한성백제,서울특별시 송파구 방이동 88-21,서울특별시 송파구 위례성대로 지하 51,서울특별시,송파구,위례성대로,지하,51,,,,
서울9호선,9호선,올림픽공원(한국체대),서울특별시 송파구 방이동 88-26,서울특별시 송파구 양재대로 지하 1233,서울특별시,송파구,양재대로,지하,1233,,,,
서울9호선,9호선,둔촌오륜,서울특별시 강동구 둔촌동 227-7,서울특별시 강동구 강동대로 지하 327,서울특별시,강동구,강동대로,지하,327,,,,
서울9호선,9호선,중앙보훈병원,서울특별시 강동구 둔촌동 8-1,서울특별시 강동구 명일로 지하 117,서울특별시,강동구,명일로,지하,117,,,,
코레일,경의중앙,가좌,서울특별시 서대문구 남가좌동 296-12,서울시 서대문구 수색로 27,서울시,서대문구,수색로,27,,,,,
코레일,경의중앙,강매,경기도 고양시 덕양구 행신동 1115-1,"경기도 고양시 덕양구 소원로202 (행신동,강매역사)",경기도,고양시,덕양구,소원로202,"(행신동,강매역사)",,,,
코레일,경의중앙,곡산,경기도 고양시 일산동구 백석동 1185-1,경기도 고양시 일산동구 경의로 160,경기도,고양시,일산동구,경의로,160,,,,
코레일,경의중앙,공덕,서울특별시 마포구 도화동 25-13,서울특별시 마포구 마포대로 92  ,서울특별시,마포구,마포대로,92,,,,,
코레일,경의중앙,구리,경기도 구리시 인창동 244-1,경기도 구리시 건원대로 34번길 32-29,경기도,구리시,건원대로,34번길,32-29,,,,
코레일,경의중앙,국수,경기도 양평군 양서면 국수리 258-25,경기도 양평군 양서면 국수역길 45,경기도,양평군,양서면,국수역길,45,,,,
코레일,경의중앙,금릉,경기도 파주시 금촌동 605-1,경기도 파주시 금릉역로 85,경기도,파주시,금릉역로,85,,,,,
코레일,경의중앙,금촌,경기도 파주시 금촌동 329-355,경기도 파주시 새꽃로 193번지,경기도,파주시,새꽃로,193번지,,,,,
코레일,경의중앙,능곡,경기도 고양시 덕양구 토당동 454-3,경기도 고양시 덕양구 토당로 35,경기도,고양시,덕양구,토당로,35,,,,
코레일,경의중앙,대곡,경기도 고양시 대장동 426-3,경기도 교양시 대주로 107번길 71-82,경기도,교양시,대주로,107번길,71-82,,,,
코레일,경의중앙,덕소,경기도 남양주시 와부읍 덕소리 590-17,경기도 남양주시 와부읍 덕소로 56,경기도,남양주시,와부읍,덕소로,56,,,,
코레일,경의중앙,도농,경기도 남양주시 도농동 56-1,경기도 남양주시 경춘로 433  ,경기도,남양주시,경춘로,433,,,,,
코레일,경의중앙,도라산,,경기도 파주시 장단면 희망로 307(노상리),경기도,파주시,장단면,희망로,307(노상리),,,,
코레일,경의중앙,도심,경기도 남양주시 와부읍 도곡리 1024-34,경기도 남양주시 와부음 덕소로 237,경기도,남양주시,와부음,덕소로,237,,,,
코레일,경의중앙,디지털미디어시티,서울 은평구 수색동 37-2,서울특별시 은평구 수색로 193,서울특별시,은평구,수색로,193,,,,,
코레일,경의중앙,망우,서울특별시 중랑구 상봉동 172,서울특별시 중랑구 망우로 55길 11-10,서울특별시,중랑구,망우로,55길,11월 10일,,,,
코레일,경의중앙,문산,경기도 파주시 문산읍 문산리 17-14,경기도 파주시 문산읍 문산역로 94,경기도,파주시,문산읍,문산역로,94,,,,
코레일,경의중앙,백마,고양시 일산동구 백석동 92,고양시 일산동구 경의로 318,고양시,일산동구,경의로,318,,,,,
코레일,경의중앙,상봉,서울특별시 중랑구 상봉동 100-46,서울시 중랑구 망우로 297,서울시,중랑구,망우로,297,,,,,
코레일,경의중앙,서강대,서울특별시 마포구 노고산동 112-5,서울특별시 마포구 서강로 118(지하),서울특별시,마포구,서강로,118(지하),,,,,
코레일,경의중앙,서빙고,서울특별시 용산구 서빙고동 241-98,서울특별시 용산구 서빙고로 238,서울특별시,용산구,서빙고로,238,,,,,
코레일,경의중앙,서울역,서울특별시 중구 봉래동 2가 122-28,서울시 중구 통일로 1,서울시,중구,통일로,1,,,,,
코레일,경의중앙,수색,서울 은평구 수색동 81,서울특별시 은평구 수색로 261-1  ,서울특별시,은평구,수색로,261-1,,,,,
코레일,경의중앙,신원,경기도 양평군 양서면 신원리 480-29,경기도 양평군 양서면 신원역길7,경기도,양평군,양서면,신원역길7,,,,,
코레일,경의중앙,신촌,서울특별시 신촌동 74-12,서울특별시 서대문구 신촌역로 30,서울특별시,서대문구,신촌역로,30,,,,,
코레일,경의중앙,아신(아세아연합신학대),경기도 양평군 옥천면 아신역길 30 23  ,경기도 양평군 옥천면 아신역1길 23,경기도,양평군,옥천면,아신역1길,23,,,,
코레일,경의중앙,야당,경기도 파주시 야당동 1088,경기도 파주시 소리천로 100,경기도,파주시,소리천로,100,,,,,
코레일,경의중앙,양수,경기도 양평군 양서면 용담리 255-2,경기도 양평군 양서면 목왕로 55-10,경기도,양평군,양서면,목왕로,Oct-55,,,,
코레일,경의중앙,양원(서울시북부병원),서울특별시 중랑구 망우동 269-5,서울시 중랑구 송림길 147,서울시,중랑구,송림길,147,,,,,
코레일,경의중앙,양정,경기도 남양주시 이패동 387번지,경기도 남양주시 경강로 237  ,경기도,남양주시,경강로,237,,,,,
코레일,경의중앙,양평,경기도 양평군 양평읍 양근리 130-37,경기도 양평군 양평읍 역전길 30,경기도,양평군,양평읍,역전길,30,,,,
코레일,경의중앙,오빈,경기도 양평군 양평읍 오빈리 238-41,경기도 양평군 양평읍 덕바위길 58,경기도,양평군,양평읍,덕바위길,58,,,,
코레일,경의중앙,옥수,서울특별시 성동구 옥수동 168-1,서울특별시 성동구 동호로21,서울특별시,성동구,동호로21,,,,,,
코레일,경의중앙,왕십리,서울특별시 성동구 행당동 168-151,서울특별시 성동구 왕십리광장로 17,서울특별시,성동구,왕십리광장로,17,,,,,
코레일,경의중앙,용문,경기도 양평군 용문면 다문리 736-13,경기도 양평군 용문면 용문역길 21,경기도,양평군,용문면,용문역길,21,,,,
코레일,경의중앙,용산,서울특별시 용산구 한강로3가 40-999,서울특별시 용산구 한강대로 23길 55,서울특별시,용산구,한강대로,23길,55,,,,
코레일,경의중앙,운길산,경기도 남양주시 조안면 진중리 229-1,경기도 남양주시 조안면 운길산로 20,경기도,남양주시,조안면,운길산로,20,,,,
코레일,경의중앙,운정,경기도 파주시 교하읍 야당리 295번지,경기도 파주시 운정역길 368,경기도,파주시,운정역길,368,,,,,
코레일,경의중앙,운천,,,,,,,,,,,
코레일,경의중앙,원덕(추읍산),경기도 양평군 양평읍 원덕리 139-4,경기도 양평군 양평읍 원덕흑천길 138,경기도,양평군,양평읍,원덕흑천길,138,,,,
코레일,경의중앙,월롱(서영대학교),경기도 파주시 월롱면 위전리 168-3,경기도 파주시 월롱면 통일로 980,경기도,파주시,월롱면,통일로,980,,,,
코레일,경의중앙,응봉,서울특별시 성동구 응봉동 246 ,서울특별시 성동구 고산자로 124  ,서울특별시,성동구,고산자로,124,,,,,
코레일,경의중앙,이촌,서울특별시 용산구 용산동5가 17-98,서울특별시 용산구 이촌로71길 42,서울특별시,용산구,이촌로71길,42,,,,,
코레일,경의중앙,일산,경기 고양시 일산동 655-691,경기도 고양시 일산서구 경의로 672  ,경기도,고양시,일산서구,경의로,672,,,,
코레일,경의중앙,임진강,경기도 파주시 문산읍 마정리 1253-3,경기도 파주시 문산읍 임진각로 115번길,경기도,파주시,문산읍,임진각로,115번길,,,,
코레일,경의중앙,중랑,서울특별시 중랑구 중화동 73-7,서울특별시 중랑구 중랑역로3길 28  ,서울특별시,중랑구,중랑역로3길,28,,,,,
코레일,경의중앙,지평,경기도 양평군 지평면 지평역길32,경기도 양평군 지평면 지평역길32,경기도,양평군,지평면,지평역길32,,,,,
코레일,경의중앙,청량리,서울특별시 동대문구 전농동 588-1,서울특별시 동대문구 왕산로 214 청량리역,서울특별시,동대문구,왕산로,214,청량리역,,,,
코레일,경의중앙,탄현,경기도 고양시 일산서구 덕이동 238-12,경기도 고양시 일산서구 경의로 856,경기도,고양시,일산서구,경의로,856,,,,
코레일,경의중앙,파주(두원대학),경기도 파주시 파주읍 봉암리487-4,경기도 파주시 파주읍 주라위길 38,경기도,파주시,파주읍,주라위길,38,,,,
코레일,경의중앙,팔당,경기도 남양주시 와부읍 팔당리 360,경기도 남양주시 와부읍 팔당로 107,경기도,남양주시,와부읍,팔당로,107,,,,
코레일,경의중앙,풍산,경기도 고양시 일산동구 풍동 1042,경기도 고양시 일산동구 경의로 486,경기도,고양시,일산동구,경의로,486,,,,
코레일,경의중앙,한남,서울시 용산구 한남동,서울특별시 용산구 독서당로6길 12-13,서울특별시,용산구,독서당로6길,12월 13일,,,,,
코레일,경의중앙,행신,경기도 고양시 덕양구 행신동 812,경기도 고양시 덕양구 소원로 102,경기도,고양시,덕양구,소원로,102,,,,
코레일,경의중앙,홍대입구,서울특별시 마포구 동교동 190-1,서울특별시 마포구 양화로 지하188,서울특별시,마포구,양화로,지하188,,,,,
코레일,경의중앙,화전(한국항공대),경기도 고양시 덕양구 화전동 183-10,경기도 고양시 덕양구 화랑로 53,경기도,고양시,덕양구,화랑로,53,,,,
코레일,경의중앙,회기,서울특별시 동대문구 휘경동 317-102,서울특별시 동대문구 회기로 196,서울특별시,동대문구,회기로,196,,,,,
코레일,경의중앙,효창공원앞,서울특별시 용산구 효창동 80,서울특별시 용산구 원효로 71길 40,서울특별시,용산구,원효로,71길,40,,,,
의정부경량전철주식회사,의정부경전철,경기도청북부청사,경기도 의정부시 신곡동 815-3,경기도 의정부시 장곡로 615,경기도,의정부시,장곡로,615,,,,,
의정부경량전철주식회사,의정부경전철,경전철의정부,경기도 의정부시 의정부동 691,경기도 의정부시 신흥로 237,경기도,의정부시,신흥로,237,,,,,
의정부경량전철주식회사,의정부경전철,곤제,경기도 의정부시 금오동 3-3,경기도 의정부시 천보로 173,경기도,의정부시,천보로,173,,,,,
의정부경량전철주식회사,의정부경전철,동오,경기도 의정부시 신곡동 547-15,경기도 의정부시 장곡로 471,경기도,의정부시,장곡로,471,,,,,
의정부경량전철주식회사,의정부경전철,발곡,경기도 의정부시 신곡동 741-3,경기도 의정부시 장곡로 258,경기도,의정부시,장곡로,258,,,,,
의정부경량전철주식회사,의정부경전철,범골,경기도 의정부시 호원동 326-24,경기도 의정부시 신흥로 141,경기도,의정부시,신흥로,141,,,,,
의정부경량전철주식회사,의정부경전철,새말,경기도 의정부시 신곡동 815-1,경기도 의정부시 장곡로 551,경기도,의정부시,장곡로,551,,,,,
의정부경량전철주식회사,의정부경전철,송산,경기도 의정부시 용현동 558,경기도 의정부시 충의로 59,경기도,의정부시,충의로,59,,,,,
의정부경량전철주식회사,의정부경전철,어룡(용현산업단지),경기도 의정부시 용현동 564,경기도 의정부시 충의로 125,경기도,의정부시,충의로,125,,,,,
의정부경량전철주식회사,의정부경전철,의정부시청,경기도 의정부시 의정부동 617,경기도 의정부시 의정로 69,경기도,의정부시,의정로,69,,,,,
의정부경량전철주식회사,의정부경전철,의정부중앙,경기도 의정부시 의정부동 15-10,경기도 의정부시 호국로 1305,경기도,의정부시,호국로,1305,,,,,
의정부경량전철주식회사,의정부경전철,탑석,경기도 의정부시 용현동 558,경기도 의정부시 충의로 20,경기도,의정부시,충의로,20,,,,,
의정부경량전철주식회사,의정부경전철,회룡,경기도 의정부시 호원동 50-5,경기도 의정부시 평화로 363,경기도,의정부시,평화로,363,,,,,
의정부경량전철주식회사,의정부경전철,효자,경기도 의정부시 신곡동 773-2,경기도 의정부시 부용로 159-40,경기도,의정부시,부용로,159-40,,,,,
의정부경량전철주식회사,의정부경전철,흥선,경기도 의정부시 가능동 343-52,경기도 의정부시 호국로 1197,경기도,의정부시,호국로,1197,,,,,
코레일,경춘,가평(자라섬·남이섬),경기도 가평군 가평읍 달전리 567,경기도 가평군 가평읍 문화로 13-42,경기도,가평군,가평읍,문화로,13-42,,,,
코레일,경춘,갈매,구리시 갈매동 502-39,구리시 경춘북로 229,구리시,경춘북로,229,,,,,,
코레일,경춘,강촌,강원도 춘천시 남산면 방곡리 409,강원도 춘천시 남산면 강촌로 150,강원도,춘천시,남산면,강촌로,150,,,,
코레일,경춘,광운대,서울특별시 노원구 월계동 85,서울특별시 노원구 석계로 98-2,서울특별시,노원구,석계로,Feb-98,,,,,
코레일,경춘,굴봉산(제이드가든),강원도 춘천시 남산면 백양리 588-30,강원도 춘천시 남산면 서백길 192,강원도,춘천시,남산면,서백길,192,,,,
코레일,경춘,금곡,경기도 남양주시 금곡동 404-276,경기도 남양주시 금곡로19번길 47(금곡동),경기도,남양주시,금곡로19번길,47(금곡동),,,,,
코레일,경춘,김유정,강원도 춘천시 신동면 증리 945-2,강원도 춘천시 신동면 김유정로 1435,강원도,춘천시,신동면,김유정로,1435,,,,
코레일,경춘,남춘천(강원대),춘천시 퇴계동 633-2, 춘천시 영서로 2260,,춘천시,영서로,2260,,,,,
코레일,경춘,대성리,경기도 가평군 청평면 대성리 393-3,경기도 가평군 청평면 경춘로88,경기도,가평군,청평면,경춘로88,,,,,
코레일,경춘,마석,경기도 남양주시 화도읍 마석우리 222-2,경기도 남양주시 화도읍 마석중앙로 107,경기도,남양주시,화도읍,마석중앙로,107,,,,
코레일,경춘,망우,서울특별시 중랑구 상봉동 172,서울특별시 중랑구 망우로 55길 11-10,서울특별시,중랑구,망우로,55길,11월 10일,,,,
코레일,경춘,백양리(엘리시안강촌),강원도 춘천시 남산면 강촌리 680-7,강원도 춘천시 남산면 북한강변길 690,강원도,춘천시,남산면,북한강변길,690,,,,
코레일,경춘,별내(삼육대학교),경기도 남양주시 별내동 182-5,경기도 남양주시 경춘북로 375(별내동 182-5),경기도,남양주시,경춘북로,375(별내동,182-5),,,,
코레일,경춘,사릉,경기도 남양주시 진건읍 사능리 605-3,경기도 남양주시 진건우회로63 사릉역,경기도,남양주시,진건우회로63,사릉역,,,,,
코레일,경춘,상봉,서울특별시 중랑구 상봉동 100-46,서울특별시 중랑구 망우로 297,서울특별시,중랑구,망우로,297,,,,,
코레일,경춘,상천(호명호수),경기도 가평군 청평면 상천리 1260-1,경기도 가평군 청평면 상천역로29,경기도,가평군,청평면,상천역로29,,,,,
코레일,경춘,신내,서울특별시 중랑구 망우동 320-2,서울특별시 중랑구 신내역로 20,서울특별시,중랑구,신내역로,20,,,,,
코레일,경춘,중랑,서울특별시 중랑구 중화동 73-7,서울특별시 중랑구 중랑역로 9,서울특별시,중랑구,중랑역로,9,,,,,
코레일,경춘,천마산,경기도 남양주시 화도읍 묵현리 320-11,경기도 남양주시 화도읍 묵현로 25번길 37(묵현리),경기도,남양주시,화도읍,묵현로,25번길,37(묵현리),,,
코레일,경춘,청량리,서울특별시 동대문구 전농동 588-1,서울특별시 동대문구 왕산로 214,서울특별시,동대문구,왕산로,214,,,,,
코레일,경춘,청평,경기도 가평군 청평면 청평리 125-1,경기도 가평군 청평면 청평리 청평역로 97-33,경기도,가평군,청평면,청평리,청평역로,97-33,,,
코레일,경춘,춘천(한림대),강원도 춘천시 근화동 190,강원도 춘천시 공지로 591,강원도,춘천시,공지로,591,,,,,
코레일,경춘,퇴계원,경기도 남양주시 퇴계원면 퇴계원리 218-142,경기도 남양주시 퇴계원면 경춘북로 545,경기도,남양주시,퇴계원면,경춘북로,545,,,,
코레일,경춘,평내호평,경기도 남양주시 평내동 660,경기도 남양주시 경춘로 1375(평내동),경기도,남양주시,경춘로,1375(평내동),,,,,
코레일,경춘,회기,서울특별시 동대문구 휘경동 317-101,서울특별시 동대문구 회기로 196,서울특별시,동대문구,회기로,196,,,,,
공항철도주식회사,공항철도,검암,인천광역시 서구 검암동 414-204,인천광역시 서구 검바위로 26 (검암동) 공항철도 검암역,인천광역시,서구,검바위로,26,(검암동),공항철도,검암역,,
공항철도주식회사,공항철도,계양,인천광역시 계양구 귤현동 451-264,인천광역시 계양구 다남로 24 (귤현동) 공항철도 계양역,인천광역시,계양구,다남로,24,(귤현동),공항철도,계양역,,
공항철도주식회사,공항철도,공덕,서울특별시 마포구 도화동 25-13,서울특별시 마포구 마포대로 지하 92(도화동) 공항철도 공덕역,서울특별시,마포구,마포대로,지하,92(도화동),공항철도,공덕역,,
공항철도주식회사,공항철도,공항화물청사,인천광역시 중구 운서동 2844-7,인천광역시 중구 공항동로135번길 86 (운서동) 공항화물청사역,인천광역시,중구,공항동로135번길,86,(운서동),공항화물청사역,,,
공항철도주식회사,공항철도,김포공항,서울특별시 강서구 방화동 886,서울특별시 강서구 하늘길 지하 77(방화동) 공항철도 김포공항역,서울특별시,강서구,하늘길,지하,77(방화동),공항철도,김포공항역,,
공항철도주식회사,공항철도,디지털미디어시티,서울특별시 마포구 상암동 1140,서울특별시 마포구 성암로 지하 184(상암동) 공항철도 디지털미디어시티역,서울특별시,마포구,성암로,지하,184(상암동),공항철도,디지털미디어시티역,,
공항철도주식회사,공항철도,마곡나루,서울특별시 강서구 마곡동 367-6,서울특별시 강서구 마곡중앙로 지하 135(마곡동),서울특별시,강서구,마곡중앙로,지하,135(마곡동),,,,
공항철도주식회사,공항철도,서울역,서울특별시 용산구 동자동 43-227,서울특별시 용산구 청파로 378 (동자동) 공항철도 서울역,서울특별시,용산구,청파로,378,(동자동),공항철도,서울역,,
공항철도주식회사,공항철도,영종,인천광역시 서구 경서동 519-2,인천광역시 중구 백운로414번길 75 (운복동) 영종역,인천광역시,중구,백운로414번길,75,(운복동),영종역,,,
공항철도주식회사,공항철도,운서,인천광역시 중구 운서동 1427-27,인천광역시 중구 흰바위로59번길 26 (운서동) 운서역,인천광역시,중구,흰바위로59번길,26,(운서동),운서역,,,
공항철도주식회사,공항철도,인천공항1터미널,인천광역시 중구 운서동 2851,인천광역시 중구 공항로 271 (운서동) 인천공항1터미널역,인천광역시,중구,공항로,271,(운서동),인천공항1터미널역,,,
공항철도주식회사,공항철도,인천공항2터미널,인천광역시 중구 운서동 2868,인천광역시 중구 공항로 272 인천국제공항2터미널역,인천광역시,중구,공항로,272,인천국제공항2터미널역,,,,
공항철도주식회사,공항철도,청라국제도시,인천광역시 서구 경서동 519-2,인천광역시 서구 에코로 151 (경서동) 청라국제도시역,인천광역시,서구,에코로,151,(경서동),청라국제도시역,,,
공항철도주식회사,공항철도,홍대입구,서울특별시 마포구 동교동 190-1,서울특별시 마포구 양화로 지하 188(동교동) 공항철도 홍대입구역,서울특별시,마포구,양화로,지하,188(동교동),공항철도,홍대입구역,,
코레일,수인분당,가천대,경기도 성남시 수정구 태평동 7131,경기도 성남시 수정구 성남대로 1332,경기도,성남시,수정구,성남대로,1332,,,,
코레일,수인분당,강남구청,서울 강남구 삼성동 77-94,서울특별시 강남구 학동로 346,서울특별시,강남구,학동로,346,,,,,
코레일,수인분당,개포동,서울시 강남구 개포동 181-2,서울시 강남구 개포로 지하420,서울시,강남구,개포로,지하420,,,,,
코레일,수인분당,고색,경기도 수원시 권선구 고색동 377-2,경기도 수원시 권선구 매송고색로 지하 690,경기도,수원시,권선구,매송고색로,지하,690,,,
코레일,수인분당,고잔,경기도 안산시 단원구 고잔동 453-67,경기도 안산시 단원구 중앙대로 784,경기도,안산시,단원구,중앙대로,784,,,,
코레일,수인분당,구룡,서울특별시 강남구 개포동 175-3,서울특별시 강남구 개포로 지하 403,서울특별시,강남구,개포로,지하,403,,,,
코레일,수인분당,구성,경기도 용인시 기흥구 마북동460-3,경기도 용인시 기흥구 용구대로 2403(마북동460-3),경기도,용인시,기흥구,용구대로,2403(마북동460-3),,,,
코레일,수인분당,기흥(백남준아트센터),경기도 용인시 기흥구 구갈동 227-25,경기도 용인시 기흥구 중부대로 460,경기도,용인시,기흥구,중부대로,460,,,,
코레일,수인분당,남동인더스파크,인천광역시 남동구 고잔동 970-8,인천광역시 남동구 은청로 17,인천광역시,남동구,은청로,17,,,,,
코레일,수인분당,달월,경기도 시흥시 월곶동 662-3,경기도 시흥시 서해안로 736번길 55,경기도,시흥시,서해안로,736번길,55,,,,
코레일,수인분당,대모산입구,서울시 강남구 일원동 700-1,서울시 강남구 개포로 522,서울시,강남구,개포로,522,,,,,
코레일,수인분당,도곡,서울특별시 강남구 도곡동 467-5,서울특별시 강남구 남부순환로 2814  ,서울특별시,강남구,남부순환로,2814,,,,,
코레일,수인분당,망포,경기도 수원시 영통구 영통동 1069,경기도 수원시 영통구 덕영대로 지하 1520,경기도,수원시,영통구,덕영대로,지하,1520,,,
코레일,수인분당,매교,경기도 수원시 팔달구 매교동 283,경기도 수원시 팔달구 효원로 126,경기도,수원시,팔달구,효원로,126,,,,
코레일,수인분당,매탄권선,경기도 수원시 매탄동 687-4,경기도 수원시 영통구 권선로 841,경기도,수원시,영통구,권선로,841,,,,
코레일,수인분당,모란,경기도 성남시 중원구 성남동 1575,경기도 성남시 중원구 성남대로 지하 1147  ,경기도,성남시,중원구,성남대로,지하,1147,,,
코레일,수인분당,미금(분당서울대병원),경기도 성남시 분당구 금곡동 222,경기도 성남시 분당구 성남대로 156,경기도,성남시,분당구,성남대로,156,,,,
코레일,수인분당,보정,경기도 용인시 기흥구 보정동 1285,경기도 용인시 기흥구 용구대로 2560,경기도,용인시,기흥구,용구대로,2560,,,,
코레일,수인분당,복정(동서울대학),서울특별시 송파구 장지동 596-21,서울특별시 송파구 송파대로 6,서울특별시,송파구,송파대로,6,,,,,
코레일,수인분당,사리,경기도 안산시 상록구 사동 206-1,경기도 안산시 상록구 충장로 103,경기도,안산시,상록구,충장로,103,,,,
코레일,수인분당,상갈(루터대학교),경기도 용인시 기흥구 상갈동 227-3,경기도 용인시 기흥구 금화로 40,경기도,용인시,기흥구,금화로,40,,,,
코레일,수인분당,서울숲,서울특별시 성동구 성수동1가 656-436,서울특별시 성동구 왕십리로 77,서울특별시,성동구,왕십리로,77,,,,,
코레일,수인분당,서현,경기도 성남시 분당구 서현동 263,경기도 성남시 분당구 성남대로 지하601,경기도,성남시,분당구,성남대로,지하601,,,,
코레일,수인분당,선릉,서울특별시 강남구 삼성동 172-66,서울특별시 강남구 테헤란로 지하340,서울특별시,강남구,테헤란로,지하340,,,,,
코레일,수인분당,선정릉(한국과학창의재단),서울시 강남구 삼성동 111-114 분당선 선정릉역,서울시 강남구 선릉로 지하580(삼성동 111-114),서울시,강남구,선릉로,지하580(삼성동,111-114),,,,
코레일,수인분당,소래포구,인천시 남동구 논현동 731-7,인천시 남동구 소래역로 51번길,인천시,남동구,소래역로,51번길,,,,,
코레일,수인분당,송도,인천광역시 연수구 옥련동 산 51-3,인천광역시 연수구 비류대로 175 송도역,인천광역시,연수구,비류대로,175,송도역,,,,
코레일,수인분당,수내(한국잡월드),경기도 성남시 분당구 수내동 14,경기도 성남시 분당구 성남대로 지하491,경기도,성남시,분당구,성남대로,지하491,,,,
코레일,수인분당,수서,서울특별시 강남구 수서동 728,서울특별시 강남구 광평로 지하270 지하1층(수서동),서울특별시,강남구,광평로,지하270,지하1층(수서동),,,,
코레일,수인분당,수원,경기도 수원시 팔달구 매산로1가 18,경기도 수원시 팔달구 덕영대로 944 924 애경백화점  ,경기도,수원시,팔달구,덕영대로,944,924,애경백화점,,
코레일,수인분당,수원시청(경기도문화의전당),경기도 수원시 권선구 권선동 1122,경기도 수원시 권선구 효원로 270,경기도,수원시,권선구,효원로,270,,,,
코레일,수인분당,숭의(인하대병원),인천광역시 미추홀구 용현동 686-55,인천시 미추홀구 인주대로 지하 6,인천시,미추홀구,인주대로,지하,6,,,,
코레일,수인분당,신갈,경기도 용인시 기흥구 신갈동 167,경기도 용인시 기흥구 기흥로 136  ,경기도,용인시,기흥구,기흥로,136,,,,
코레일,수인분당,신길온천,경기도 안산시 단원구 신길동 216-2,경기도 안산시 단원구 황고개로 2 ,경기도,안산시,단원구,황고개로,2,,,,
코레일,수인분당,신포,인천광역시 중구 사동 26-19,인천시 중구 우현로 지하 3 (사동),인천시,중구,우현로,지하,3,(사동),,,
코레일,수인분당,안산,경기도 안산시 단원구 원곡동 377-2,경기도 안산시 단원구 중앙대로 462,경기도,안산시,단원구,중앙대로,462,,,,
코레일,수인분당,압구정로데오,서울특별시 강남구 압구정동 495,서울시 강남구 압구정로 지하 402,서울시,강남구,압구정로,지하,402,,,,
코레일,수인분당,야목,경기도 화성시 매송면 야목리 792-2,경기도 화성시 매송면 본오매송로 286,경기도,화성시,매송면,본오매송로,286,,,,
코레일,수인분당,야탑,경기도 성남시 분당구 야탑동 488-1,경기도 성남시 분당구 성남대로 지하 903,경기도,성남시,분당구,성남대로,지하,903,,,
코레일,수인분당,어천,어천리 411,경기도 화성시 매송면 어천역길 8(어천리),경기도,화성시,매송면,어천역길,8(어천리),,,,
코레일,수인분당,연수,인천시 연수구 연수동 589번지,인천시 연수구 벚꽃로 115,인천시,연수구,벚꽃로,115,,,,,
코레일,수인분당,영통(경희대),경기도 수원시 영통구 영통동 1055,경기도 수원시 영통구 봉영로 1560,경기도,수원시,영통구,봉영로,1560,,,,
코레일,수인분당,오리,경기도 성남시 분당구 구미동 197-1,경기도 성남시 분당구 성남대로 55,경기도,성남시,분당구,성남대로,55,,,,
코레일,수인분당,오목천,경기도 수원시 권선구 오목천동 472-3,경기도 수원시 권선구 삼천병마로 지하1570,경기도,수원시,권선구,삼천병마로,지하1570,,,,
코레일,수인분당,오이도,경기도 시흥시 정왕동 878,경기도 시흥시 역전로 430,경기도,시흥시,역전로,430,,,,,
코레일,수인분당,왕십리,서울특별시 성동구 행당동 168-151,서울특별시 성동구 왕십리광장로 18,서울특별시,성동구,왕십리광장로,18,,,,,
코레일,수인분당,원인재,인천광역시 연수구 연수동 585-1,인천광역시 연수구 벚꽂로 195,인천광역시,연수구,벚꽂로,195,,,,,
코레일,수인분당,월곶,경기도 시흥시 월곶동 992-9,경기도 시흥시 월곶중앙로 14번길 56,경기도,시흥시,월곶중앙로,14번길,56,,,,
코레일,수인분당,이매(성남아트센터),경기도 성남시 분당구 이매동 129-1,경기도 성남시 분당구 성남대로 지하738(이매동),경기도,성남시,분당구,성남대로,지하738(이매동),,,,
코레일,수인분당,인천,인천광역시 중구 북성동 1가 3-1,인천광역시 중구 제물량로 269,인천광역시,중구,제물량로,269,,,,,
코레일,수인분당,인천논현,인천광역시 남동구 논현동 731-4,인천광역시 남동구 청능대로 567,인천광역시,남동구,청능대로,567,,,,,
코레일,수인분당,인하대,인천시 미추홀구 용현동 672-1번지,인천시 미추홀구 독배로 313,인천시,미추홀구,독배로,313,,,,,
코레일,수인분당,정왕,경기도 시흥시 정왕동 2325-12,경기도 시흥시 마유로418번길 15,경기도,시흥시,마유로418번길,15,,,,,
코레일,수인분당,정자,경기도 성남시 분당구 정자동 95-1,경기도 성남시 분당구 성남대로 333,경기도,성남시,분당구,성남대로,333,,,,
코레일,수인분당,죽전(단국대),경기도 용인시 수지구 죽전동 1286,경기도 용인시 수지구 포은대로 530,경기도,용인시,수지구,포은대로,530,,,,
코레일,수인분당,중앙,경기도 안산시 단원구 고잔동 167-378 중앙역,경기도 안산시 단원구 중앙대로 918,경기도,안산시,단원구,중앙대로,918,,,,
코레일,수인분당,청량리,서울특별시 동대문구 전농동 588-1,서울특별시 동대문구 왕산로 214,서울특별시,동대문구,왕산로,214,,,,,
코레일,수인분당,청명,수원시 영통구 영통동 1055번지,수원시 영통구 봉영로  1670,수원시,영통구,봉영로,1670,,,,,
코레일,수인분당,초지,경기도 안산시 단원구 초지동 25-1,경기도 안산시 단원구 중앙대로 620,경기도,안산시,단원구,중앙대로,620,,,,
코레일,수인분당,태평,경기도 성남시 수정구 수진동 4808,경기도 성남시 수정구 성남대로 1229,경기도,성남시,수정구,성남대로,1229,,,,
코레일,수인분당,한대앞,경기도 안산시 상록구 이동 211-5,경기도 안산시 상록구 충장로 337,경기도,안산시,상록구,충장로,337,,,,
코레일,수인분당,한티,서울특별시 강남구 대치동 1011-28,서울특별시 강남구 선릉로 228 지하1층,서울특별시,강남구,선릉로,228,지하1층,,,,
코레일,수인분당,호구포,인천시 남동구 논현동 731-1,인천광역시 남동구 호구포로 205,인천광역시,남동구,호구포로,205,,,,,
우이신설경전철,우이신설선,북한산우이(도선사입구),,,,,,,,,,,
우이신설경전철,우이신설선,솔밭공원,,,,,,,,,,,
우이신설경전철,우이신설선,4.19민주묘지(덕성여대),,,,,,,,,,,
우이신설경전철,우이신설선,가오리,,,,,,,,,,,
우이신설경전철,우이신설선,화계,,,,,,,,,,,
우이신설경전철,우이신설선,삼양,,,,,,,,,,,
우이신설경전철,우이신설선,삼양사거리,,,,,,,,,,,
우이신설경전철,우이신설선,솔샘,,,,,,,,,,,
우이신설경전철,우이신설선,북한산보국문(서경대),,,,,,,,,,,
우이신설경전철,우이신설선,정릉(국민대입구),,,,,,,,,,,
우이신설경전철,우이신설선,성신여대입구,,,,,,,,,,,
우이신설경전철,우이신설선,보문,,,,,,,,,,,
우이신설경전철,우이신설선,신설동,,,,,,,,,,,
코레일,경강,경기광주,경기도 광주시 역동 176-1,경기도 광주시 광주역로 10(역동),경기도,광주시,광주역로,10(역동),,,,,
코레일,경강,곤지암,경기도 광주시 곤지암읍 곤지암리 353-1,경기도 광주시 곤지암천로 333,경기도,광주시,곤지암천로,333,,,,,
코레일,경강,부발,경기도 이천시 부발읍 아리미 505-7,경기도 이천시 부발읍 신아로 87,경기도,이천시,부발읍,신아로,87,,,,
코레일,경강,삼동,경기도 광주시 삼동 225번지,경기도 광주시 순암로 451,경기도,광주시,순암로,451,,,,,
코레일,경강,세종대왕릉,경기도 여주시 능서면 신지리 276-2,경기도 여주시 능서면 양화로 877,경기도,여주시,능서면,양화로,877,,,,
코레일,경강,신둔도예촌,경기도 이천시 신둔면 남정리 362-2,경기도 이천시 신둔면 남정로 55,경기도,이천시,신둔면,남정로,55,,,,
코레일,경강,여주,경기도 여주시 교동 383-1번지,경기도 여주시 교동로 80(교동 403-1),경기도,여주시,교동로,80(교동,403-1),,,,
코레일,경강,이매,경기도 성남시 분당구 이매동 127-4,경기도 성남시 분당구 성남대로 738,경기도,성남시,분당구,성남대로,738,,,,
코레일,경강,이천,경기도 이천시 율현동 435,경기도 이천시 이섭대천로 1063,경기도,이천시,이섭대천로,1063,,,,,
코레일,경강,초월,경기도 광주시 초월읍 쌍동리213-15,경기도 광주시 초월읍 경충대로 1066,경기도,광주시,초월읍,경충대로,1066,,,,
코레일,경강,판교(판교테크노밸리),경기도 성남시 분당구 백현동 19-2,경기도 성남시 분당구 판교역로 160,경기도,성남시,분당구,판교역로,160,,,,
네오트랜스주식회사,신분당선,논현,127.0220546,37.5096469,,,,,,,,,
네오트랜스주식회사,신분당선,신논현,127.024407,37.504063,,,,,,,,,
네오트랜스주식회사,신분당선,강남,127.028506,37.496068,,,,,,,,,
네오트랜스주식회사,신분당선,양재(서초구청),127.034371,37.484117,,,,,,,,,
네오트랜스주식회사,신분당선,양재시민의숲(매헌),127.03845,37.469903,,,,,,,,,
네오트랜스주식회사,신분당선,청계산입구,127.054678,37.448383,,,,,,,,,
네오트랜스주식회사,신분당선,판교(판교테크노밸리),127.0644,37.2337,,,,,,,,,
네오트랜스주식회사,신분당선,정자,127.10843,37.367381,,,,,,,,,
네오트랜스주식회사,신분당선,성복,127.080321,37.313621,,,,,,,,,
네오트랜스주식회사,신분당선,상현,,,,,,,,,,,
네오트랜스주식회사,신분당선,광교중앙(아주대),127.051,37.288,,,,,,,,,
네오트랜스주식회사,신분당선,광교(경기대),127.044731,37.30141,,,,,,,,,
네오트랜스주식회사,신분당선,신사,127.0200228,37.5162873,,,,,,,,,
네오트랜스주식회사,신분당선,미금(분당서울대병원),127.1089,37.3501,,,,,,,,,
네오트랜스주식회사,신분당선,동천,127.0609,37.2016,,,,,,,,,
네오트랜스주식회사,신분당선,수지구청,127.0542,39.1925,,,,,,,,,
공항철도주식회사,공항철도,서울역,126.9704658,37.5490645,,,,,,,,,
공항철도주식회사,공항철도,공덕,126.9516296,37.5427105,,,,,,,,,
공항철도주식회사,공항철도,홍대입구,126.9265227,37.5578854,,,,,,,,,
공항철도주식회사,공항철도,디지털미디어시티,126.8972464,37.5783645,,,,,,,,,
공항철도주식회사,공항철도,마곡나루,126.827608,37.5653322,,,,,,,,,
공항철도주식회사,공항철도,김포공항,126.8025118,37.5667733,,,,,,,,,
공항철도주식회사,공항철도,계양,126.7366447,37.5714532,,,,,,,,,
공항철도주식회사,공항철도,검암,126.6731455,37.5692068,,,,,,,,,
공항철도주식회사,공항철도,청라국제도시,126.6253775,37.5548865,,,,,,,,,
공항철도주식회사,공항철도,영종,126.5237272,37.5118654,,,,,,,,,
공항철도주식회사,공항철도,운서,126.493713,37.4928447,,,,,,,,,
공항철도주식회사,공항철도,공항화물청사,126.4774206,37.4589761,,,,,,,,,
공항철도주식회사,공항철도,인천공항1터미널,126.4580914,37.4475485,,,,,,,,,
공항철도주식회사,공항철도,인천공항2터미널,126.4406136,37.479174,,,,,,,,,
용인경량전철주식회사,용인에버라인,기흥(백남준아트센터),127.1170465,37.27545288,,,,,,,,,
용인경량전철주식회사,용인에버라인,강남대,127.1260669,37.27017073,,,,,,,,,
용인경량전철주식회사,용인에버라인,지석,127.1363256,37.26973732,,,,,,,,,
용인경량전철주식회사,용인에버라인,어정,127.1437499,37.27495132,,,,,,,,,
용인경량전철주식회사,용인에버라인,동백,127.1526906,37.26910138,,,,,,,,,
용인경량전철주식회사,용인에버라인,초당,127.1594692,37.26080647,,,,,,,,,
용인경량전철주식회사,용인에버라인,삼가,127.16818,37.24205993,,,,,,,,,
용인경량전철주식회사,용인에버라인,시청·용인대,127.1788851,37.23944203,,,,,,,,,
용인경량전철주식회사,용인에버라인,명지대,127.1902913,37.23807629,,,,,,,,,
용인경량전철주식회사,용인에버라인,김량장,127.1986109,37.23732377,,,,,,,,,
용인경량전철주식회사,용인에버라인,운동장·송담대,127.2090526,37.2379113,,,,,,,,,
용인경량전철주식회사,용인에버라인,고진,127.2141836,37.24463834,,,,,,,,,
용인경량전철주식회사,용인에버라인,보평,127.2184808,37.25896427,,,,,,,,,
용인경량전철주식회사,용인에버라인,둔전,127.2136387,37.26721222,,,,,,,,,
용인경량전철주식회사,용인에버라인,전대·에버랜드,127.219509,37.28541327,,,,,,,,,
서해선,,소새울,,,,,,,,,,,
서해선,,소사,,,,,,,,,,,
서해선,,시흥대야,,,,,,,,,,,
서해선,,신천,,,,,,,,,,,
서해선,,신현,,,,,,,,,,,
서해선,,시흥시청,,,,,,,,,,,
서해선,,시흥능곡,,,,,,,,,,,
서해선,,달미,,,,,,,,,,,
서해선,,선부,,,,,,,,,,,
서해선,,초지,,,,,,,,,,,
서해선,,원곡,,,,,,,,,,,
서해선,,원시,,,,,,,,,,,
